,num_goals,branch,time,branch_train,score,episode_length
0,8,"[4, 4, 4]",20,"[4, 4, 4]",11.962000000000002,14
663,8,"[4, 4, 4]",20,"[4, 4, 4, 4]",9.566,13
673,8,"[4, 4, 4]",20,"[4, 4, 4, 4]",8.664200000000001,15
672,8,"[4, 4, 4]",20,"[4, 4, 4, 4]",11.566000000000003,14
671,8,"[4, 4, 4]",20,"[4, 4, 4, 4]",11.604,17
670,8,"[4, 4, 4]",20,"[4, 4, 4, 4]",7.166000000000001,14
669,8,"[4, 4, 4]",20,"[4, 4, 4, 4]",9.364200000000004,16
668,8,"[4, 4, 4]",20,"[4, 4, 4, 4]",5.884,15
667,8,"[4, 4, 4]",20,"[4, 4, 4, 4]",-3.92,18
666,8,"[4, 4, 4]",20,"[4, 4, 4, 4]",7.1502,12
665,8,"[4, 4, 4]",20,"[4, 4, 4, 4]",7.175960000000001,11
664,8,"[4, 4, 4]",20,"[4, 4, 4, 4]",4.663999999999999,15
662,8,"[4, 4, 4]",20,"[4, 4, 4, 4]",-0.8900000000000001,14
675,8,"[4, 4, 4]",20,"[4, 4, 4, 4]",5.213979999999999,12
661,8,"[4, 4, 4]",20,"[4, 4, 4, 4]",9.566000000000003,13
660,8,"[4, 4, 4]",20,"[4, 4, 4, 4]",9.39396,13
659,8,"[4, 4, 4]",20,"[4, 4, 4, 4]",11.565999999999999,14
658,8,"[4, 4, 4]",20,"[4, 4, 4, 4]",9.568000000000001,12
657,8,"[4, 4, 4]",20,"[4, 4, 4, 4]",9.586000000000002,14
656,8,"[4, 4, 4]",20,"[4, 4, 4, 4]",9.36998,13
655,8,"[4, 4, 4]",20,"[4, 4, 4, 4]",7.366,13
654,8,"[4, 4, 4]",20,"[4, 4, 4, 4]",11.784,15
653,8,"[4, 4, 4]",20,"[4, 4, 4, 4]",7.365999999999999,13
652,8,"[4, 4, 4]",20,"[4, 4, 4, 4]",9.388,14
674,8,"[4, 4, 4]",20,"[4, 4, 4, 4]",7.32,14
676,8,"[4, 4, 4]",20,"[4, 4, 4, 4]",11.786000000000001,14
1,8,"[4, 4, 4]",20,"[4, 4, 4]",9.362000000000004,16
689,8,"[4, 4, 4]",20,"[4, 4, 4, 4]",9.611979999999999,13
699,8,"[4, 4, 4]",20,"[4, 4, 4, 4]",11.526,12
698,8,"[4, 4, 4]",20,"[4, 4, 4, 4]",9.326,12
697,8,"[4, 4, 4]",20,"[4, 4, 4, 4]",7.15196,12
696,8,"[4, 4, 4]",20,"[4, 4, 4, 4]",7.168,13
695,8,"[4, 4, 4]",20,"[4, 4, 4, 4]",9.36998,13
694,8,"[4, 4, 4]",20,"[4, 4, 4, 4]",5.0120000000000005,13
693,8,"[4, 4, 4]",20,"[4, 4, 4, 4]",11.782000000000002,16
692,8,"[4, 4, 4]",20,"[4, 4, 4, 4]",9.606000000000002,15
691,8,"[4, 4, 4]",20,"[4, 4, 4, 4]",7.59196,12
690,8,"[4, 4, 4]",20,"[4, 4, 4, 4]",7.207999999999999,15
688,8,"[4, 4, 4]",20,"[4, 4, 4, 4]",4.991959999999999,14
677,8,"[4, 4, 4]",20,"[4, 4, 4, 4]",9.58798,14
687,8,"[4, 4, 4]",20,"[4, 4, 4, 4]",7.364,14
686,8,"[4, 4, 4]",20,"[4, 4, 4, 4]",-1.61002,13
685,8,"[4, 4, 4]",20,"[4, 4, 4, 4]",9.388,14
684,8,"[4, 4, 4]",20,"[4, 4, 4, 4]",-2.498,17
683,8,"[4, 4, 4]",20,"[4, 4, 4, 4]",9.34998,12
682,8,"[4, 4, 4]",20,"[4, 4, 4, 4]",9.391979999999998,13
681,8,"[4, 4, 4]",20,"[4, 4, 4, 4]",7.128,11
680,8,"[4, 4, 4]",20,"[4, 4, 4, 4]",11.982000000000003,15
679,8,"[4, 4, 4]",20,"[4, 4, 4, 4]",4.946199999999998,14
678,8,"[4, 4, 4]",20,"[4, 4, 4, 4]",-5.598,17
651,8,"[4, 4, 4]",20,"[4, 4, 4, 4]",7.1702,13
650,8,"[4, 4, 4]",20,"[4, 4, 4, 4]",7.19398,12
25,8,"[4, 4, 4]",20,"[4, 4, 4]",7.207999999999998,15
27,8,"[4, 4, 4]",20,"[4, 4, 4]",11.5779002,12
23,8,"[4, 4, 4]",20,"[4, 4, 4]",9.39,13
22,8,"[4, 4, 4]",20,"[4, 4, 4]",7.385999999999999,14
21,8,"[4, 4, 4]",20,"[4, 4, 4]",11.54798,13
20,8,"[4, 4, 4]",20,"[4, 4, 4]",7.12798,12
19,8,"[4, 4, 4]",20,"[4, 4, 4]",9.409980000000001,15
18,8,"[4, 4, 4]",20,"[4, 4, 4]",7.193980000000001,12
17,8,"[4, 4, 4]",20,"[4, 4, 4]",7.1899999999999995,13
16,8,"[4, 4, 4]",20,"[4, 4, 4]",7.1659999999999995,14
15,8,"[4, 4, 4]",20,"[4, 4, 4]",11.562000000000003,16
14,8,"[4, 4, 4]",20,"[4, 4, 4]",11.726199999999999,12
13,8,"[4, 4, 4]",20,"[4, 4, 4]",7.1959599999999995,12
12,8,"[4, 4, 4]",20,"[4, 4, 4]",11.56998,13
11,8,"[4, 4, 4]",20,"[4, 4, 4]",9.408000000000005,15
10,8,"[4, 4, 4]",20,"[4, 4, 4]",9.368,13
9,8,"[4, 4, 4]",20,"[4, 4, 4]",7.146000000000001,13
8,8,"[4, 4, 4]",20,"[4, 4, 4]",9.41396,14
7,8,"[4, 4, 4]",20,"[4, 4, 4]",9.326,12
6,8,"[4, 4, 4]",20,"[4, 4, 4]",11.568200000000001,14
5,8,"[4, 4, 4]",20,"[4, 4, 4]",11.588000000000001,14
4,8,"[4, 4, 4]",20,"[4, 4, 4]",5.190000000000001,12
3,8,"[4, 4, 4]",20,"[4, 4, 4]",7.1959599999999995,12
24,8,"[4, 4, 4]",20,"[4, 4, 4]",7.166,14
26,8,"[4, 4, 4]",20,"[4, 4, 4]",9.386000000000001,15
38,8,"[4, 4, 4]",20,"[4, 4, 4]",9.364000000000003,15
39,8,"[4, 4, 4]",20,"[4, 4, 4]",11.586000000000002,15
49,8,"[4, 4, 4]",20,"[4, 4, 4]",9.374180000000003,12
48,8,"[4, 4, 4]",20,"[4, 4, 4]",9.566,13
47,8,"[4, 4, 4]",20,"[4, 4, 4]",11.582000000000003,17
46,8,"[4, 4, 4]",20,"[4, 4, 4]",9.326,12
45,8,"[4, 4, 4]",20,"[4, 4, 4]",5.212000000000001,12
44,8,"[4, 4, 4]",20,"[4, 4, 4]",9.384,16
43,8,"[4, 4, 4]",20,"[4, 4, 4]",9.326,12
42,8,"[4, 4, 4]",20,"[4, 4, 4]",7.166,14
41,8,"[4, 4, 4]",20,"[4, 4, 4]",11.588000000000001,14
40,8,"[4, 4, 4]",20,"[4, 4, 4]",7.186000000000001,15
2,8,"[4, 4, 4]",20,"[4, 4, 4]",5.147999999999999,11
37,8,"[4, 4, 4]",20,"[4, 4, 4]",9.391980000000002,13
36,8,"[4, 4, 4]",20,"[4, 4, 4]",9.34798,13
35,8,"[4, 4, 4]",20,"[4, 4, 4]",6.786,14
34,8,"[4, 4, 4]",20,"[4, 4, 4]",9.325999999999999,12
33,8,"[4, 4, 4]",20,"[4, 4, 4]",7.21198,14
32,8,"[4, 4, 4]",20,"[4, 4, 4]",9.408000000000001,15
31,8,"[4, 4, 4]",20,"[4, 4, 4]",9.378160000000001,11
30,8,"[4, 4, 4]",20,"[4, 4, 4]",11.57196,13
29,8,"[4, 4, 4]",20,"[4, 4, 4]",9.384000000000004,16
28,8,"[4, 4, 4]",20,"[4, 4, 4]",9.402000000000001,18
53,8,"[4, 4, 4, 4]",20,"[4, 4, 4]",7.566000000000001,12
700,8,"[4, 4, 4, 4]",20,"[4, 4, 4, 4]",9.389980000000001,14
701,8,"[4, 4, 4, 4]",20,"[4, 4, 4, 4]",7.387979999999998,14
51,8,"[4, 4, 4, 4]",20,"[4, 4, 4]",9.522,13
738,8,"[4, 4, 4, 4]",20,"[4, 4, 4, 4]",9.38998,14
728,8,"[4, 4, 4, 4]",20,"[4, 4, 4, 4]",9.326200000000002,13
729,8,"[4, 4, 4, 4]",20,"[4, 4, 4, 4]",7.348000000000001,11
730,8,"[4, 4, 4, 4]",20,"[4, 4, 4, 4]",7.15198,11
731,8,"[4, 4, 4, 4]",20,"[4, 4, 4, 4]",9.56798,13
732,8,"[4, 4, 4, 4]",20,"[4, 4, 4, 4]",11.584000000000001,16
733,8,"[4, 4, 4, 4]",20,"[4, 4, 4, 4]",9.346,13
734,8,"[4, 4, 4, 4]",20,"[4, 4, 4, 4]",11.565999999999999,14
735,8,"[4, 4, 4, 4]",20,"[4, 4, 4, 4]",7.146199999999999,14
736,8,"[4, 4, 4, 4]",20,"[4, 4, 4, 4]",6.207979999999999,15
737,8,"[4, 4, 4, 4]",20,"[4, 4, 4, 4]",9.566,13
739,8,"[4, 4, 4, 4]",20,"[4, 4, 4, 4]",9.366000000000003,14
702,8,"[4, 4, 4, 4]",20,"[4, 4, 4, 4]",9.390000000000002,13
740,8,"[4, 4, 4, 4]",20,"[4, 4, 4, 4]",11.984000000000002,14
741,8,"[4, 4, 4, 4]",20,"[4, 4, 4, 4]",11.567980000000002,14
742,8,"[4, 4, 4, 4]",20,"[4, 4, 4, 4]",11.546000000000001,13
743,8,"[4, 4, 4, 4]",20,"[4, 4, 4, 4]",4.950000000000001,11
744,8,"[4, 4, 4, 4]",20,"[4, 4, 4, 4]",7.146,13
745,8,"[4, 4, 4, 4]",20,"[4, 4, 4, 4]",9.524,12
746,8,"[4, 4, 4, 4]",20,"[4, 4, 4, 4]",11.764000000000001,14
747,8,"[4, 4, 4, 4]",20,"[4, 4, 4, 4]",7.388,13
748,8,"[4, 4, 4, 4]",20,"[4, 4, 4, 4]",9.444,12
749,8,"[4, 4, 4, 4]",20,"[4, 4, 4, 4]",9.346,13
727,8,"[4, 4, 4, 4]",20,"[4, 4, 4, 4]",7.15198,11
726,8,"[4, 4, 4, 4]",20,"[4, 4, 4, 4]",9.564,14
725,8,"[4, 4, 4, 4]",20,"[4, 4, 4, 4]",11.591959999999998,14
724,8,"[4, 4, 4, 4]",20,"[4, 4, 4, 4]",4.97818,10
703,8,"[4, 4, 4, 4]",20,"[4, 4, 4, 4]",4.971979999999999,12
704,8,"[4, 4, 4, 4]",20,"[4, 4, 4, 4]",7.191979999999999,13
705,8,"[4, 4, 4, 4]",20,"[4, 4, 4, 4]",11.56998,13
706,8,"[4, 4, 4, 4]",20,"[4, 4, 4, 4]",9.5262,12
707,8,"[4, 4, 4, 4]",20,"[4, 4, 4, 4]",11.530179999999998,12
708,8,"[4, 4, 4, 4]",20,"[4, 4, 4, 4]",9.3682,14
709,8,"[4, 4, 4, 4]",20,"[4, 4, 4, 4]",9.386,15
710,8,"[4, 4, 4, 4]",20,"[4, 4, 4, 4]",9.586000000000002,14
711,8,"[4, 4, 4, 4]",20,"[4, 4, 4, 4]",5.150199999999999,11
712,8,"[4, 4, 4, 4]",20,"[4, 4, 4, 4]",11.55198,11
713,8,"[4, 4, 4, 4]",20,"[4, 4, 4, 4]",4.95618,10
714,8,"[4, 4, 4, 4]",20,"[4, 4, 4, 4]",5.284000000000001,15
715,8,"[4, 4, 4, 4]",20,"[4, 4, 4, 4]",9.364000000000004,15
716,8,"[4, 4, 4, 4]",20,"[4, 4, 4, 4]",7.148000000000001,12
717,8,"[4, 4, 4, 4]",20,"[4, 4, 4, 4]",7.1282000000000005,12
718,8,"[4, 4, 4, 4]",20,"[4, 4, 4, 4]",4.963999999999999,15
719,8,"[4, 4, 4, 4]",20,"[4, 4, 4, 4]",7.209979999999999,15
720,8,"[4, 4, 4, 4]",20,"[4, 4, 4, 4]",7.145999999999999,13
721,8,"[4, 4, 4, 4]",20,"[4, 4, 4, 4]",11.747979999999998,12
722,8,"[4, 4, 4, 4]",20,"[4, 4, 4, 4]",9.586000000000002,14
723,8,"[4, 4, 4, 4]",20,"[4, 4, 4, 4]",9.58998,13
50,8,"[4, 4, 4, 4]",20,"[4, 4, 4]",7.169980000000001,13
52,8,"[4, 4, 4, 4]",20,"[4, 4, 4]",9.324000000000002,13
76,8,"[4, 4, 4, 4]",20,"[4, 4, 4]",11.560000000000002,17
75,8,"[4, 4, 4, 4]",20,"[4, 4, 4]",11.56798,14
79,8,"[4, 4, 4, 4]",20,"[4, 4, 4]",9.364,15
80,8,"[4, 4, 4, 4]",20,"[4, 4, 4]",9.346000000000002,13
81,8,"[4, 4, 4, 4]",20,"[4, 4, 4]",7.189979999999999,14
82,8,"[4, 4, 4, 4]",20,"[4, 4, 4]",9.388000000000002,14
83,8,"[4, 4, 4, 4]",20,"[4, 4, 4]",9.348200000000002,13
84,8,"[4, 4, 4, 4]",20,"[4, 4, 4]",7.13418,10
85,8,"[4, 4, 4, 4]",20,"[4, 4, 4]",1.9119799999999993,14
86,8,"[4, 4, 4, 4]",20,"[4, 4, 4]",9.344200000000004,15
87,8,"[4, 4, 4, 4]",20,"[4, 4, 4]",9.406000000000002,16
88,8,"[4, 4, 4, 4]",20,"[4, 4, 4]",9.544199999999998,14
89,8,"[4, 4, 4, 4]",20,"[4, 4, 4]",7.208,15
90,8,"[4, 4, 4, 4]",20,"[4, 4, 4]",9.566,13
91,8,"[4, 4, 4, 4]",20,"[4, 4, 4]",11.724,12
92,8,"[4, 4, 4, 4]",20,"[4, 4, 4]",9.388,14
93,8,"[4, 4, 4, 4]",20,"[4, 4, 4]",7.385999999999999,14
94,8,"[4, 4, 4, 4]",20,"[4, 4, 4]",9.404,17
95,8,"[4, 4, 4, 4]",20,"[4, 4, 4]",7.188,14
96,8,"[4, 4, 4, 4]",20,"[4, 4, 4]",7.168000000000002,13
97,8,"[4, 4, 4, 4]",20,"[4, 4, 4]",7.2059799999999985,17
77,8,"[4, 4, 4, 4]",20,"[4, 4, 4]",9.346200000000003,14
74,8,"[4, 4, 4, 4]",20,"[4, 4, 4]",9.368000000000002,13
99,8,"[4, 4, 4, 4]",20,"[4, 4, 4]",9.408000000000001,15
73,8,"[4, 4, 4, 4]",20,"[4, 4, 4]",9.568,12
54,8,"[4, 4, 4, 4]",20,"[4, 4, 4]",11.564000000000002,15
55,8,"[4, 4, 4, 4]",20,"[4, 4, 4]",11.564000000000002,15
56,8,"[4, 4, 4, 4]",20,"[4, 4, 4]",9.3282,12
57,8,"[4, 4, 4, 4]",20,"[4, 4, 4]",11.569980000000001,13
58,8,"[4, 4, 4, 4]",20,"[4, 4, 4]",7.212,13
59,8,"[4, 4, 4, 4]",20,"[4, 4, 4]",9.371980000000002,12
60,8,"[4, 4, 4, 4]",20,"[4, 4, 4]",7.39198,12
61,8,"[4, 4, 4, 4]",20,"[4, 4, 4]",9.344,14
62,8,"[4, 4, 4, 4]",20,"[4, 4, 4]",9.56798,13
63,8,"[4, 4, 4, 4]",20,"[4, 4, 4]",11.766000000000002,13
64,8,"[4, 4, 4, 4]",20,"[4, 4, 4]",9.344000000000001,14
65,8,"[4, 4, 4, 4]",20,"[4, 4, 4]",7.188000000000001,14
66,8,"[4, 4, 4, 4]",20,"[4, 4, 4]",9.408000000000001,15
67,8,"[4, 4, 4, 4]",20,"[4, 4, 4]",7.209980000000001,15
68,8,"[4, 4, 4, 4]",20,"[4, 4, 4]",9.406,16
69,8,"[4, 4, 4, 4]",20,"[4, 4, 4]",7.168,13
70,8,"[4, 4, 4, 4]",20,"[4, 4, 4]",7.17,12
71,8,"[4, 4, 4, 4]",20,"[4, 4, 4]",11.784000000000002,15
72,8,"[4, 4, 4, 4]",20,"[4, 4, 4]",9.366,14
98,8,"[4, 4, 4, 4]",20,"[4, 4, 4]",4.97198,12
78,8,"[4, 4, 4, 4]",20,"[4, 4, 4]",7.210000000000002,14
104,8,"[4, 4, 4, 4, 4]",20,"[4, 4, 4]",7.34798,12
774,8,"[4, 4, 4, 4, 4]",20,"[4, 4, 4, 4]",9.585999999999999,14
772,8,"[4, 4, 4, 4, 4]",20,"[4, 4, 4, 4]",4.963999999999999,15
771,8,"[4, 4, 4, 4, 4]",20,"[4, 4, 4, 4]",5.188000000000001,13
770,8,"[4, 4, 4, 4, 4]",20,"[4, 4, 4, 4]",7.1462,14
769,8,"[4, 4, 4, 4, 4]",20,"[4, 4, 4, 4]",9.50598,11
768,8,"[4, 4, 4, 4, 4]",20,"[4, 4, 4, 4]",8.704,16
767,8,"[4, 4, 4, 4, 4]",20,"[4, 4, 4, 4]",7.1521799999999995,12
766,8,"[4, 4, 4, 4, 4]",20,"[4, 4, 4, 4]",7.368,12
765,8,"[4, 4, 4, 4, 4]",20,"[4, 4, 4, 4]",9.549980000000001,11
764,8,"[4, 4, 4, 4, 4]",20,"[4, 4, 4, 4]",7.167999999999999,13
763,8,"[4, 4, 4, 4, 4]",20,"[4, 4, 4, 4]",11.566,14
762,8,"[4, 4, 4, 4, 4]",20,"[4, 4, 4, 4]",6.91398,13
761,8,"[4, 4, 4, 4, 4]",20,"[4, 4, 4, 4]",11.564000000000002,15
760,8,"[4, 4, 4, 4, 4]",20,"[4, 4, 4, 4]",9.584000000000003,15
759,8,"[4, 4, 4, 4, 4]",20,"[4, 4, 4, 4]",2.7719999999999994,11
758,8,"[4, 4, 4, 4, 4]",20,"[4, 4, 4, 4]",11.96598,13
757,8,"[4, 4, 4, 4, 4]",20,"[4, 4, 4, 4]",9.366,14
756,8,"[4, 4, 4, 4, 4]",20,"[4, 4, 4, 4]",11.566,14
755,8,"[4, 4, 4, 4, 4]",20,"[4, 4, 4, 4]",-0.3860200000000006,12
754,8,"[4, 4, 4, 4, 4]",20,"[4, 4, 4, 4]",5.210000000000001,13
753,8,"[4, 4, 4, 4, 4]",20,"[4, 4, 4, 4]",7.188,14
752,8,"[4, 4, 4, 4, 4]",20,"[4, 4, 4, 4]",11.764000000000001,14
773,8,"[4, 4, 4, 4, 4]",20,"[4, 4, 4, 4]",9.404,17
775,8,"[4, 4, 4, 4, 4]",20,"[4, 4, 4, 4]",9.586000000000002,14
750,8,"[4, 4, 4, 4, 4]",20,"[4, 4, 4, 4]",9.406000000000004,16
776,8,"[4, 4, 4, 4, 4]",20,"[4, 4, 4, 4]",9.367980000000003,14
797,8,"[4, 4, 4, 4, 4]",20,"[4, 4, 4, 4]",7.208,15
796,8,"[4, 4, 4, 4, 4]",20,"[4, 4, 4, 4]",7.381999999999999,16
795,8,"[4, 4, 4, 4, 4]",20,"[4, 4, 4, 4]",9.390000000000002,13
794,8,"[4, 4, 4, 4, 4]",20,"[4, 4, 4, 4]",5.171980000000001,11
793,8,"[4, 4, 4, 4, 4]",20,"[4, 4, 4, 4]",9.363999999999999,15
792,8,"[4, 4, 4, 4, 4]",20,"[4, 4, 4, 4]",7.368000000000002,12
791,8,"[4, 4, 4, 4, 4]",20,"[4, 4, 4, 4]",7.210000000000001,14
790,8,"[4, 4, 4, 4, 4]",20,"[4, 4, 4, 4]",-3.800000000000001,19
789,8,"[4, 4, 4, 4, 4]",20,"[4, 4, 4, 4]",9.348200000000002,13
788,8,"[4, 4, 4, 4, 4]",20,"[4, 4, 4, 4]",9.34998,12
787,8,"[4, 4, 4, 4, 4]",20,"[4, 4, 4, 4]",7.168,13
786,8,"[4, 4, 4, 4, 4]",20,"[4, 4, 4, 4]",2.7561799999999996,10
785,8,"[4, 4, 4, 4, 4]",20,"[4, 4, 4, 4]",9.368000000000002,13
784,8,"[4, 4, 4, 4, 4]",20,"[4, 4, 4, 4]",7.403999999999999,16
783,8,"[4, 4, 4, 4, 4]",20,"[4, 4, 4, 4]",11.58998,14
782,8,"[4, 4, 4, 4, 4]",20,"[4, 4, 4, 4]",7.3462,13
781,8,"[4, 4, 4, 4, 4]",20,"[4, 4, 4, 4]",11.9662,13
780,8,"[4, 4, 4, 4, 4]",20,"[4, 4, 4, 4]",5.19,12
779,8,"[4, 4, 4, 4, 4]",20,"[4, 4, 4, 4]",9.328000000000001,11
778,8,"[4, 4, 4, 4, 4]",20,"[4, 4, 4, 4]",4.983999999999998,16
777,8,"[4, 4, 4, 4, 4]",20,"[4, 4, 4, 4]",7.6080000000000005,13
751,8,"[4, 4, 4, 4, 4]",20,"[4, 4, 4, 4]",9.368000000000002,13
148,8,"[4, 4, 4, 4, 4]",20,"[4, 4, 4]",7.189999999999999,13
103,8,"[4, 4, 4, 4, 4]",20,"[4, 4, 4]",9.364,15
124,8,"[4, 4, 4, 4, 4]",20,"[4, 4, 4]",9.388000000000003,14
122,8,"[4, 4, 4, 4, 4]",20,"[4, 4, 4]",7.604000000000002,15
121,8,"[4, 4, 4, 4, 4]",20,"[4, 4, 4]",7.1899999999999995,13
120,8,"[4, 4, 4, 4, 4]",20,"[4, 4, 4]",9.530180000000001,11
119,8,"[4, 4, 4, 4, 4]",20,"[4, 4, 4]",11.589979999999999,14
118,8,"[4, 4, 4, 4, 4]",20,"[4, 4, 4]",9.364000000000003,15
117,8,"[4, 4, 4, 4, 4]",20,"[4, 4, 4]",7.1539600000000005,11
116,8,"[4, 4, 4, 4, 4]",20,"[4, 4, 4]",9.408000000000001,15
115,8,"[4, 4, 4, 4, 4]",20,"[4, 4, 4]",7.19198,13
114,8,"[4, 4, 4, 4, 4]",20,"[4, 4, 4]",9.38998,14
113,8,"[4, 4, 4, 4, 4]",20,"[4, 4, 4]",9.389980000000001,14
112,8,"[4, 4, 4, 4, 4]",20,"[4, 4, 4]",7.164000000000001,15
111,8,"[4, 4, 4, 4, 4]",20,"[4, 4, 4]",9.611979999999999,13
110,8,"[4, 4, 4, 4, 4]",20,"[4, 4, 4]",9.34998,12
109,8,"[4, 4, 4, 4, 4]",20,"[4, 4, 4]",9.410000000000004,14
108,8,"[4, 4, 4, 4, 4]",20,"[4, 4, 4]",4.867999999999999,12
107,8,"[4, 4, 4, 4, 4]",20,"[4, 4, 4]",9.37198,12
106,8,"[4, 4, 4, 4, 4]",20,"[4, 4, 4]",7.156159999999999,11
105,8,"[4, 4, 4, 4, 4]",20,"[4, 4, 4]",11.544,14
100,8,"[4, 4, 4, 4, 4]",20,"[4, 4, 4]",11.567980000000002,14
101,8,"[4, 4, 4, 4, 4]",20,"[4, 4, 4]",9.366,14
102,8,"[4, 4, 4, 4, 4]",20,"[4, 4, 4]",7.168,13
123,8,"[4, 4, 4, 4, 4]",20,"[4, 4, 4]",11.584000000000003,16
125,8,"[4, 4, 4, 4, 4]",20,"[4, 4, 4]",7.371980000000001,11
147,8,"[4, 4, 4, 4, 4]",20,"[4, 4, 4]",9.564000000000004,14
799,8,"[4, 4, 4, 4, 4]",20,"[4, 4, 4, 4]",7.185999999999999,15
146,8,"[4, 4, 4, 4, 4]",20,"[4, 4, 4]",7.210000000000001,14
145,8,"[4, 4, 4, 4, 4]",20,"[4, 4, 4]",11.546,13
144,8,"[4, 4, 4, 4, 4]",20,"[4, 4, 4]",7.166,14
143,8,"[4, 4, 4, 4, 4]",20,"[4, 4, 4]",9.506200000000002,11
142,8,"[4, 4, 4, 4, 4]",20,"[4, 4, 4]",7.188000000000001,14
141,8,"[4, 4, 4, 4, 4]",20,"[4, 4, 4]",9.304000000000002,12
140,8,"[4, 4, 4, 4, 4]",20,"[4, 4, 4]",11.566000000000003,14
139,8,"[4, 4, 4, 4, 4]",20,"[4, 4, 4]",11.764000000000001,14
138,8,"[4, 4, 4, 4, 4]",20,"[4, 4, 4]",11.5502,12
137,8,"[4, 4, 4, 4, 4]",20,"[4, 4, 4]",9.350200000000001,12
136,8,"[4, 4, 4, 4, 4]",20,"[4, 4, 4]",9.348200000000002,13
135,8,"[4, 4, 4, 4, 4]",20,"[4, 4, 4]",11.547979999999999,13
134,8,"[4, 4, 4, 4, 4]",20,"[4, 4, 4]",5.008,15
133,8,"[4, 4, 4, 4, 4]",20,"[4, 4, 4]",11.607980000000003,16
132,8,"[4, 4, 4, 4, 4]",20,"[4, 4, 4]",4.95398,10
131,8,"[4, 4, 4, 4, 4]",20,"[4, 4, 4]",5.170000000000001,11
130,8,"[4, 4, 4, 4, 4]",20,"[4, 4, 4]",9.586000000000004,14
129,8,"[4, 4, 4, 4, 4]",20,"[4, 4, 4]",11.9242,12
128,8,"[4, 4, 4, 4, 4]",20,"[4, 4, 4]",4.9879999999999995,14
127,8,"[4, 4, 4, 4, 4]",20,"[4, 4, 4]",7.213920199999999,15
126,8,"[4, 4, 4, 4, 4]",20,"[4, 4, 4]",9.344,14
798,8,"[4, 4, 4, 4, 4]",20,"[4, 4, 4, 4]",7.148000000000001,12
149,8,"[4, 4, 4, 4, 4]",20,"[4, 4, 4]",11.266,14
1005,8,"[4, 4, 4, 1]",20,"[4, 4, 4, 4]",9.386000000000003,15
372,8,"[4, 4, 4, 1]",20,"[4, 4, 4]",7.151980000000001,11
392,8,"[4, 4, 4, 1]",20,"[4, 4, 4]",5.01,14
393,8,"[4, 4, 4, 1]",20,"[4, 4, 4]",11.584,16
394,8,"[4, 4, 4, 1]",20,"[4, 4, 4]",9.364,15
395,8,"[4, 4, 4, 1]",20,"[4, 4, 4]",9.346,13
396,8,"[4, 4, 4, 1]",20,"[4, 4, 4]",7.1482,13
397,8,"[4, 4, 4, 1]",20,"[4, 4, 4]",11.484200000000001,12
398,8,"[4, 4, 4, 1]",20,"[4, 4, 4]",7.326199999999999,12
399,8,"[4, 4, 4, 1]",20,"[4, 4, 4]",7.393960000000001,12
1049,8,"[4, 4, 4, 1]",20,"[4, 4, 4, 4]",9.608,14
1048,8,"[4, 4, 4, 1]",20,"[4, 4, 4, 4]",0.5819999999999994,17
1047,8,"[4, 4, 4, 1]",20,"[4, 4, 4, 4]",9.346,13
1046,8,"[4, 4, 4, 1]",20,"[4, 4, 4, 4]",9.408000000000001,15
1045,8,"[4, 4, 4, 1]",20,"[4, 4, 4, 4]",-1.9140000000000001,14
1044,8,"[4, 4, 4, 1]",20,"[4, 4, 4, 4]",9.608000000000002,14
1043,8,"[4, 4, 4, 1]",20,"[4, 4, 4, 4]",11.569980000000001,13
391,8,"[4, 4, 4, 1]",20,"[4, 4, 4]",7.173979999999999,11
390,8,"[4, 4, 4, 1]",20,"[4, 4, 4]",11.608000000000002,15
389,8,"[4, 4, 4, 1]",20,"[4, 4, 4]",9.368,13
380,8,"[4, 4, 4, 1]",20,"[4, 4, 4]",7.389980000000001,13
374,8,"[4, 4, 4, 1]",20,"[4, 4, 4]",11.586,15
1004,8,"[4, 4, 4, 1]",20,"[4, 4, 4, 4]",9.341999999999999,15
376,8,"[4, 4, 4, 1]",20,"[4, 4, 4]",11.504000000000003,12
377,8,"[4, 4, 4, 1]",20,"[4, 4, 4]",9.284,11
378,8,"[4, 4, 4, 1]",20,"[4, 4, 4]",11.582000000000003,17
379,8,"[4, 4, 4, 1]",20,"[4, 4, 4]",9.386000000000003,15
381,8,"[4, 4, 4, 1]",20,"[4, 4, 4]",9.408000000000001,15
388,8,"[4, 4, 4, 1]",20,"[4, 4, 4]",9.344000000000001,14
382,8,"[4, 4, 4, 1]",20,"[4, 4, 4]",9.415959999999998,13
383,8,"[4, 4, 4, 1]",20,"[4, 4, 4]",4.9262,13
384,8,"[4, 4, 4, 1]",20,"[4, 4, 4]",9.346200000000003,14
385,8,"[4, 4, 4, 1]",20,"[4, 4, 4]",7.207999999999999,15
386,8,"[4, 4, 4, 1]",20,"[4, 4, 4]",9.393960000000002,13
387,8,"[4, 4, 4, 1]",20,"[4, 4, 4]",11.568000000000001,13
1042,8,"[4, 4, 4, 1]",20,"[4, 4, 4, 4]",9.386,15
1041,8,"[4, 4, 4, 1]",20,"[4, 4, 4, 4]",11.606000000000003,16
1040,8,"[4, 4, 4, 1]",20,"[4, 4, 4, 4]",4.970000000000001,12
1014,8,"[4, 4, 4, 1]",20,"[4, 4, 4, 4]",9.371979999999999,12
1020,8,"[4, 4, 4, 1]",20,"[4, 4, 4, 4]",9.371960000000001,13
1019,8,"[4, 4, 4, 1]",20,"[4, 4, 4, 4]",9.408000000000001,15
1018,8,"[4, 4, 4, 1]",20,"[4, 4, 4, 4]",2.795721198,8
1017,8,"[4, 4, 4, 1]",20,"[4, 4, 4, 4]",5.19796,10
1016,8,"[4, 4, 4, 1]",20,"[4, 4, 4, 4]",11.544,14
1015,8,"[4, 4, 4, 1]",20,"[4, 4, 4, 4]",-1.8979999999999997,18
1013,8,"[4, 4, 4, 1]",20,"[4, 4, 4, 4]",7.329980000000001,10
1022,8,"[4, 4, 4, 1]",20,"[4, 4, 4, 4]",7.181999999999999,17
1012,8,"[4, 4, 4, 1]",20,"[4, 4, 4, 4]",9.336160000000001,10
1011,8,"[4, 4, 4, 1]",20,"[4, 4, 4, 4]",7.168,13
1010,8,"[4, 4, 4, 1]",20,"[4, 4, 4, 4]",9.388000000000002,14
1009,8,"[4, 4, 4, 1]",20,"[4, 4, 4, 4]",9.306000000000001,11
1008,8,"[4, 4, 4, 1]",20,"[4, 4, 4, 4]",9.586,14
1007,8,"[4, 4, 4, 1]",20,"[4, 4, 4, 4]",5.009979999999998,15
1021,8,"[4, 4, 4, 1]",20,"[4, 4, 4, 4]",11.762000000000002,15
1023,8,"[4, 4, 4, 1]",20,"[4, 4, 4, 4]",9.320000000000006,15
1039,8,"[4, 4, 4, 1]",20,"[4, 4, 4, 4]",9.408000000000001,15
1032,8,"[4, 4, 4, 1]",20,"[4, 4, 4, 4]",9.344,14
1038,8,"[4, 4, 4, 1]",20,"[4, 4, 4, 4]",7.186,15
1037,8,"[4, 4, 4, 1]",20,"[4, 4, 4, 4]",7.368000000000001,12
1036,8,"[4, 4, 4, 1]",20,"[4, 4, 4, 4]",9.586000000000002,14
1035,8,"[4, 4, 4, 1]",20,"[4, 4, 4, 4]",2.784,16
1034,8,"[4, 4, 4, 1]",20,"[4, 4, 4, 4]",7.19,13
1033,8,"[4, 4, 4, 1]",20,"[4, 4, 4, 4]",7.150200000000001,12
1031,8,"[4, 4, 4, 1]",20,"[4, 4, 4, 4]",11.764,14
1024,8,"[4, 4, 4, 1]",20,"[4, 4, 4, 4]",9.58998,13
1030,8,"[4, 4, 4, 1]",20,"[4, 4, 4, 4]",9.407979999999998,16
1029,8,"[4, 4, 4, 1]",20,"[4, 4, 4, 4]",9.547980000000003,12
1028,8,"[4, 4, 4, 1]",20,"[4, 4, 4, 4]",11.566000000000003,14
1027,8,"[4, 4, 4, 1]",20,"[4, 4, 4, 4]",7.203999999999999,17
1026,8,"[4, 4, 4, 1]",20,"[4, 4, 4, 4]",9.388000000000002,14
1025,8,"[4, 4, 4, 1]",20,"[4, 4, 4, 4]",11.56998,13
373,8,"[4, 4, 4, 1]",20,"[4, 4, 4]",7.168,13
375,8,"[4, 4, 4, 1]",20,"[4, 4, 4]",7.17,12
371,8,"[4, 4, 4, 1]",20,"[4, 4, 4]",9.604000000000001,16
357,8,"[4, 4, 4, 1]",20,"[4, 4, 4]",7.1102,10
1003,8,"[4, 4, 4, 1]",20,"[4, 4, 4, 4]",11.586000000000002,15
1002,8,"[4, 4, 4, 1]",20,"[4, 4, 4, 4]",9.39,13
1001,8,"[4, 4, 4, 1]",20,"[4, 4, 4, 4]",11.586000000000002,15
1000,8,"[4, 4, 4, 1]",20,"[4, 4, 4, 4]",5.188,13
370,8,"[4, 4, 4, 1]",20,"[4, 4, 4]",11.549980000000001,12
350,8,"[4, 4, 4, 1]",20,"[4, 4, 4]",11.573920200000002,13
351,8,"[4, 4, 4, 1]",20,"[4, 4, 4]",9.388000000000002,14
352,8,"[4, 4, 4, 1]",20,"[4, 4, 4]",11.586000000000002,15
353,8,"[4, 4, 4, 1]",20,"[4, 4, 4]",7.172179999999999,13
354,8,"[4, 4, 4, 1]",20,"[4, 4, 4]",9.367999999999999,13
355,8,"[4, 4, 4, 1]",20,"[4, 4, 4]",7.526199999999999,11
356,8,"[4, 4, 4, 1]",20,"[4, 4, 4]",9.34998,12
1006,8,"[4, 4, 4, 1]",20,"[4, 4, 4, 4]",12.146200000000004,11
358,8,"[4, 4, 4, 1]",20,"[4, 4, 4]",11.762000000000002,15
364,8,"[4, 4, 4, 1]",20,"[4, 4, 4]",11.764000000000001,14
359,8,"[4, 4, 4, 1]",20,"[4, 4, 4]",9.564000000000004,14
367,8,"[4, 4, 4, 1]",20,"[4, 4, 4]",9.308000000000003,14
368,8,"[4, 4, 4, 1]",20,"[4, 4, 4]",4.97,12
369,8,"[4, 4, 4, 1]",20,"[4, 4, 4]",7.5262,11
366,8,"[4, 4, 4, 1]",20,"[4, 4, 4]",9.784000000000002,14
363,8,"[4, 4, 4, 1]",20,"[4, 4, 4]",9.344000000000001,14
362,8,"[4, 4, 4, 1]",20,"[4, 4, 4]",5.409979999999999,13
361,8,"[4, 4, 4, 1]",20,"[4, 4, 4]",5.008,15
360,8,"[4, 4, 4, 1]",20,"[4, 4, 4]",9.5042,12
365,8,"[4, 4, 4, 1]",20,"[4, 4, 4]",7.19198,13
1088,8,"[4, 4, 4, 1, 1]",20,"[4, 4, 4, 4]",5.15596,9
1080,8,"[4, 4, 4, 1, 1]",20,"[4, 4, 4, 4]",7.172179999999999,13
1081,8,"[4, 4, 4, 1, 1]",20,"[4, 4, 4, 4]",11.58998,14
1082,8,"[4, 4, 4, 1, 1]",20,"[4, 4, 4, 4]",7.3302000000000005,10
1083,8,"[4, 4, 4, 1, 1]",20,"[4, 4, 4, 4]",11.786000000000001,14
1084,8,"[4, 4, 4, 1, 1]",20,"[4, 4, 4, 4]",2.7721799999999988,13
1085,8,"[4, 4, 4, 1, 1]",20,"[4, 4, 4, 4]",7.403999999999999,16
1086,8,"[4, 4, 4, 1, 1]",20,"[4, 4, 4, 4]",11.5442,15
1087,8,"[4, 4, 4, 1, 1]",20,"[4, 4, 4, 4]",9.586000000000002,14
1093,8,"[4, 4, 4, 1, 1]",20,"[4, 4, 4, 4]",9.386000000000001,15
1089,8,"[4, 4, 4, 1, 1]",20,"[4, 4, 4, 4]",9.526,11
1090,8,"[4, 4, 4, 1, 1]",20,"[4, 4, 4, 4]",7.148000000000001,12
1091,8,"[4, 4, 4, 1, 1]",20,"[4, 4, 4, 4]",7.388,13
1092,8,"[4, 4, 4, 1, 1]",20,"[4, 4, 4, 4]",0.603999999999999,17
1078,8,"[4, 4, 4, 1, 1]",20,"[4, 4, 4, 4]",9.366000000000001,14
1094,8,"[4, 4, 4, 1, 1]",20,"[4, 4, 4, 4]",7.173980000000001,11
1095,8,"[4, 4, 4, 1, 1]",20,"[4, 4, 4, 4]",2.9979600000000004,10
1096,8,"[4, 4, 4, 1, 1]",20,"[4, 4, 4, 4]",9.586000000000002,14
1097,8,"[4, 4, 4, 1, 1]",20,"[4, 4, 4, 4]",7.210000000000001,14
1098,8,"[4, 4, 4, 1, 1]",20,"[4, 4, 4, 4]",9.389980000000001,14
1099,8,"[4, 4, 4, 1, 1]",20,"[4, 4, 4, 4]",0.6059999999999985,16
1079,8,"[4, 4, 4, 1, 1]",20,"[4, 4, 4, 4]",1.0040000000000004,17
1074,8,"[4, 4, 4, 1, 1]",20,"[4, 4, 4, 4]",7.3899799999999995,13
1077,8,"[4, 4, 4, 1, 1]",20,"[4, 4, 4, 4]",5.15,10
1061,8,"[4, 4, 4, 1, 1]",20,"[4, 4, 4, 4]",7.181999999999999,17
1056,8,"[4, 4, 4, 1, 1]",20,"[4, 4, 4, 4]",11.50818,12
1057,8,"[4, 4, 4, 1, 1]",20,"[4, 4, 4, 4]",7.408000000000003,14
1058,8,"[4, 4, 4, 1, 1]",20,"[4, 4, 4, 4]",9.402000000000001,18
1059,8,"[4, 4, 4, 1, 1]",20,"[4, 4, 4, 4]",7.371979999999999,11
1060,8,"[4, 4, 4, 1, 1]",20,"[4, 4, 4, 4]",11.242000000000004,15
1055,8,"[4, 4, 4, 1, 1]",20,"[4, 4, 4, 4]",7.161999999999999,16
1054,8,"[4, 4, 4, 1, 1]",20,"[4, 4, 4, 4]",9.2726,9
1053,8,"[4, 4, 4, 1, 1]",20,"[4, 4, 4, 4]",7.588,12
1052,8,"[4, 4, 4, 1, 1]",20,"[4, 4, 4, 4]",9.346,13
1051,8,"[4, 4, 4, 1, 1]",20,"[4, 4, 4, 4]",11.544000000000002,14
1050,8,"[4, 4, 4, 1, 1]",20,"[4, 4, 4, 4]",9.57616,11
1062,8,"[4, 4, 4, 1, 1]",20,"[4, 4, 4, 4]",9.37198,12
1076,8,"[4, 4, 4, 1, 1]",20,"[4, 4, 4, 4]",9.409980000000001,15
1063,8,"[4, 4, 4, 1, 1]",20,"[4, 4, 4, 4]",4.97398,11
1064,8,"[4, 4, 4, 1, 1]",20,"[4, 4, 4, 4]",11.566,14
1065,8,"[4, 4, 4, 1, 1]",20,"[4, 4, 4, 4]",2.991999999999999,11
1067,8,"[4, 4, 4, 1, 1]",20,"[4, 4, 4, 4]",9.35218,12
1068,8,"[4, 4, 4, 1, 1]",20,"[4, 4, 4, 4]",11.584000000000003,16
1069,8,"[4, 4, 4, 1, 1]",20,"[4, 4, 4, 4]",7.326,11
1070,8,"[4, 4, 4, 1, 1]",20,"[4, 4, 4, 4]",9.369979999999998,13
1071,8,"[4, 4, 4, 1, 1]",20,"[4, 4, 4, 4]",7.19198,13
1072,8,"[4, 4, 4, 1, 1]",20,"[4, 4, 4, 4]",9.366000000000001,14
1073,8,"[4, 4, 4, 1, 1]",20,"[4, 4, 4, 4]",9.366,14
1075,8,"[4, 4, 4, 1, 1]",20,"[4, 4, 4, 4]",7.19398,12
1066,8,"[4, 4, 4, 1, 1]",20,"[4, 4, 4, 4]",7.403999999999999,16
403,8,"[4, 4, 4, 1, 1]",20,"[4, 4, 4]",9.366000000000001,14
404,8,"[4, 4, 4, 1, 1]",20,"[4, 4, 4]",11.586,15
400,8,"[4, 4, 4, 1, 1]",20,"[4, 4, 4]",7.1659999999999995,14
430,8,"[4, 4, 4, 1, 1]",20,"[4, 4, 4]",5.1659999999999995,13
431,8,"[4, 4, 4, 1, 1]",20,"[4, 4, 4]",5.1722,11
432,8,"[4, 4, 4, 1, 1]",20,"[4, 4, 4]",7.345999999999999,12
433,8,"[4, 4, 4, 1, 1]",20,"[4, 4, 4]",9.567980000000002,13
434,8,"[4, 4, 4, 1, 1]",20,"[4, 4, 4]",4.9879999999999995,14
435,8,"[4, 4, 4, 1, 1]",20,"[4, 4, 4]",11.746,12
436,8,"[4, 4, 4, 1, 1]",20,"[4, 4, 4]",5.165999999999999,13
437,8,"[4, 4, 4, 1, 1]",20,"[4, 4, 4]",9.228200000000001,11
438,8,"[4, 4, 4, 1, 1]",20,"[4, 4, 4]",9.344000000000001,14
439,8,"[4, 4, 4, 1, 1]",20,"[4, 4, 4]",9.384,16
440,8,"[4, 4, 4, 1, 1]",20,"[4, 4, 4]",11.604000000000003,17
441,8,"[4, 4, 4, 1, 1]",20,"[4, 4, 4]",7.183999999999998,16
442,8,"[4, 4, 4, 1, 1]",20,"[4, 4, 4]",7.146,13
443,8,"[4, 4, 4, 1, 1]",20,"[4, 4, 4]",-2.717999999999999,17
444,8,"[4, 4, 4, 1, 1]",20,"[4, 4, 4]",9.568180000000002,14
445,8,"[4, 4, 4, 1, 1]",20,"[4, 4, 4]",11.524,13
446,8,"[4, 4, 4, 1, 1]",20,"[4, 4, 4]",9.388000000000002,14
447,8,"[4, 4, 4, 1, 1]",20,"[4, 4, 4]",9.384,16
448,8,"[4, 4, 4, 1, 1]",20,"[4, 4, 4]",9.58998,13
449,8,"[4, 4, 4, 1, 1]",20,"[4, 4, 4]",11.585980000000003,16
402,8,"[4, 4, 4, 1, 1]",20,"[4, 4, 4]",7.1719800000000005,12
429,8,"[4, 4, 4, 1, 1]",20,"[4, 4, 4]",4.99198,13
428,8,"[4, 4, 4, 1, 1]",20,"[4, 4, 4]",9.388000000000002,14
427,8,"[4, 4, 4, 1, 1]",20,"[4, 4, 4]",9.3282,12
415,8,"[4, 4, 4, 1, 1]",20,"[4, 4, 4]",11.524000000000003,13
406,8,"[4, 4, 4, 1, 1]",20,"[4, 4, 4]",7.1702,13
407,8,"[4, 4, 4, 1, 1]",20,"[4, 4, 4]",7.174180000000001,12
408,8,"[4, 4, 4, 1, 1]",20,"[4, 4, 4]",7.171980000000001,12
409,8,"[4, 4, 4, 1, 1]",20,"[4, 4, 4]",9.568000000000001,12
410,8,"[4, 4, 4, 1, 1]",20,"[4, 4, 4]",11.783999999999999,15
411,8,"[4, 4, 4, 1, 1]",20,"[4, 4, 4]",4.9479999999999995,12
412,8,"[4, 4, 4, 1, 1]",20,"[4, 4, 4]",7.205979999999998,17
413,8,"[4, 4, 4, 1, 1]",20,"[4, 4, 4]",7.193980000000001,12
414,8,"[4, 4, 4, 1, 1]",20,"[4, 4, 4]",7.183999999999999,16
416,8,"[4, 4, 4, 1, 1]",20,"[4, 4, 4]",11.550180000000001,13
426,8,"[4, 4, 4, 1, 1]",20,"[4, 4, 4]",9.587980000000002,14
417,8,"[4, 4, 4, 1, 1]",20,"[4, 4, 4]",7.18998,14
418,8,"[4, 4, 4, 1, 1]",20,"[4, 4, 4]",9.606000000000002,15
419,8,"[4, 4, 4, 1, 1]",20,"[4, 4, 4]",6.986200000000001,10
420,8,"[4, 4, 4, 1, 1]",20,"[4, 4, 4]",5.190000000000001,12
421,8,"[4, 4, 4, 1, 1]",20,"[4, 4, 4]",11.743999999999998,13
422,8,"[4, 4, 4, 1, 1]",20,"[4, 4, 4]",5.007999999999999,15
423,8,"[4, 4, 4, 1, 1]",20,"[4, 4, 4]",5.013980000000002,13
424,8,"[4, 4, 4, 1, 1]",20,"[4, 4, 4]",11.506200000000002,12
425,8,"[4, 4, 4, 1, 1]",20,"[4, 4, 4]",7.190000000000001,13
401,8,"[4, 4, 4, 1, 1]",20,"[4, 4, 4]",9.362000000000002,16
405,8,"[4, 4, 4, 1, 1]",20,"[4, 4, 4]",4.97198,12
1102,8,"[4, 4, 4, 1, 1, 1]",20,"[4, 4, 4, 4]",9.409980000000001,15
1138,8,"[4, 4, 4, 1, 1, 1]",20,"[4, 4, 4, 4]",9.384000000000004,16
1128,8,"[4, 4, 4, 1, 1, 1]",20,"[4, 4, 4, 4]",0.5801799999999997,9
1129,8,"[4, 4, 4, 1, 1, 1]",20,"[4, 4, 4, 4]",9.37198,12
1130,8,"[4, 4, 4, 1, 1, 1]",20,"[4, 4, 4, 4]",9.3682,14
1131,8,"[4, 4, 4, 1, 1, 1]",20,"[4, 4, 4, 4]",1.2860000000000007,15
1132,8,"[4, 4, 4, 1, 1, 1]",20,"[4, 4, 4, 4]",9.606000000000002,15
1133,8,"[4, 4, 4, 1, 1, 1]",20,"[4, 4, 4, 4]",11.508200000000002,11
1134,8,"[4, 4, 4, 1, 1, 1]",20,"[4, 4, 4, 4]",9.59196,13
1135,8,"[4, 4, 4, 1, 1, 1]",20,"[4, 4, 4, 4]",5.21198,13
1136,8,"[4, 4, 4, 1, 1, 1]",20,"[4, 4, 4, 4]",7.21596,13
1137,8,"[4, 4, 4, 1, 1, 1]",20,"[4, 4, 4, 4]",11.55418,11
1139,8,"[4, 4, 4, 1, 1, 1]",20,"[4, 4, 4, 4]",11.790000000000001,12
1126,8,"[4, 4, 4, 1, 1, 1]",20,"[4, 4, 4, 4]",4.951980000000001,11
1140,8,"[4, 4, 4, 1, 1, 1]",20,"[4, 4, 4, 4]",9.5084,11
1141,8,"[4, 4, 4, 1, 1, 1]",20,"[4, 4, 4, 4]",11.742000000000003,14
1142,8,"[4, 4, 4, 1, 1, 1]",20,"[4, 4, 4, 4]",-1.5900000000000003,14
1143,8,"[4, 4, 4, 1, 1, 1]",20,"[4, 4, 4, 4]",9.366,14
1144,8,"[4, 4, 4, 1, 1, 1]",20,"[4, 4, 4, 4]",7.166000000000002,14
1145,8,"[4, 4, 4, 1, 1, 1]",20,"[4, 4, 4, 4]",7.193980000000001,12
1146,8,"[4, 4, 4, 1, 1, 1]",20,"[4, 4, 4, 4]",7.582,17
1147,8,"[4, 4, 4, 1, 1, 1]",20,"[4, 4, 4, 4]",9.3662,15
1148,8,"[4, 4, 4, 1, 1, 1]",20,"[4, 4, 4, 4]",7.21,14
1149,8,"[4, 4, 4, 1, 1, 1]",20,"[4, 4, 4, 4]",9.405999999999999,16
1127,8,"[4, 4, 4, 1, 1, 1]",20,"[4, 4, 4, 4]",9.38798,15
1125,8,"[4, 4, 4, 1, 1, 1]",20,"[4, 4, 4, 4]",7.188000000000001,14
452,8,"[4, 4, 4, 1, 1, 1]",20,"[4, 4, 4]",9.568000000000001,12
1112,8,"[4, 4, 4, 1, 1, 1]",20,"[4, 4, 4, 4]",7.1659999999999995,14
1100,8,"[4, 4, 4, 1, 1, 1]",20,"[4, 4, 4, 4]",7.166,14
1103,8,"[4, 4, 4, 1, 1, 1]",20,"[4, 4, 4, 4]",7.393980000000001,11
1104,8,"[4, 4, 4, 1, 1, 1]",20,"[4, 4, 4, 4]",8.808,15
1105,8,"[4, 4, 4, 1, 1, 1]",20,"[4, 4, 4, 4]",9.326200000000004,13
1106,8,"[4, 4, 4, 1, 1, 1]",20,"[4, 4, 4, 4]",7.2119800000000005,14
1107,8,"[4, 4, 4, 1, 1, 1]",20,"[4, 4, 4, 4]",9.368,13
1108,8,"[4, 4, 4, 1, 1, 1]",20,"[4, 4, 4, 4]",9.364,15
1109,8,"[4, 4, 4, 1, 1, 1]",20,"[4, 4, 4, 4]",9.324,13
1110,8,"[4, 4, 4, 1, 1, 1]",20,"[4, 4, 4, 4]",9.346,13
1111,8,"[4, 4, 4, 1, 1, 1]",20,"[4, 4, 4, 4]",9.722000000000001,12
1113,8,"[4, 4, 4, 1, 1, 1]",20,"[4, 4, 4, 4]",7.188,14
1124,8,"[4, 4, 4, 1, 1, 1]",20,"[4, 4, 4, 4]",7.388000000000001,13
1114,8,"[4, 4, 4, 1, 1, 1]",20,"[4, 4, 4, 4]",2.789979999999999,14
1115,8,"[4, 4, 4, 1, 1, 1]",20,"[4, 4, 4, 4]",7.35218,11
1116,8,"[4, 4, 4, 1, 1, 1]",20,"[4, 4, 4, 4]",2.986,14
1117,8,"[4, 4, 4, 1, 1, 1]",20,"[4, 4, 4, 4]",4.97398,11
1118,8,"[4, 4, 4, 1, 1, 1]",20,"[4, 4, 4, 4]",2.99398,11
1119,8,"[4, 4, 4, 1, 1, 1]",20,"[4, 4, 4, 4]",7.208,15
1120,8,"[4, 4, 4, 1, 1, 1]",20,"[4, 4, 4, 4]",9.370000000000003,12
1121,8,"[4, 4, 4, 1, 1, 1]",20,"[4, 4, 4, 4]",9.384,16
1122,8,"[4, 4, 4, 1, 1, 1]",20,"[4, 4, 4, 4]",7.16998,13
1123,8,"[4, 4, 4, 1, 1, 1]",20,"[4, 4, 4, 4]",7.1899999999999995,13
1101,8,"[4, 4, 4, 1, 1, 1]",20,"[4, 4, 4, 4]",11.563999999999998,15
451,8,"[4, 4, 4, 1, 1, 1]",20,"[4, 4, 4]",7.386,14
476,8,"[4, 4, 4, 1, 1, 1]",20,"[4, 4, 4]",9.362000000000005,16
477,8,"[4, 4, 4, 1, 1, 1]",20,"[4, 4, 4]",11.5282,12
479,8,"[4, 4, 4, 1, 1, 1]",20,"[4, 4, 4]",7.15418,11
480,8,"[4, 4, 4, 1, 1, 1]",20,"[4, 4, 4]",4.987999999999999,14
481,8,"[4, 4, 4, 1, 1, 1]",20,"[4, 4, 4]",11.586000000000002,15
482,8,"[4, 4, 4, 1, 1, 1]",20,"[4, 4, 4]",9.347980000000002,13
483,8,"[4, 4, 4, 1, 1, 1]",20,"[4, 4, 4]",9.611980000000003,13
484,8,"[4, 4, 4, 1, 1, 1]",20,"[4, 4, 4]",11.7242,13
485,8,"[4, 4, 4, 1, 1, 1]",20,"[4, 4, 4]",9.586000000000002,14
486,8,"[4, 4, 4, 1, 1, 1]",20,"[4, 4, 4]",11.964000000000002,13
487,8,"[4, 4, 4, 1, 1, 1]",20,"[4, 4, 4]",7.270599999999999,9
488,8,"[4, 4, 4, 1, 1, 1]",20,"[4, 4, 4]",7.3102,9
489,8,"[4, 4, 4, 1, 1, 1]",20,"[4, 4, 4]",7.213980000000003,13
490,8,"[4, 4, 4, 1, 1, 1]",20,"[4, 4, 4]",9.315112220000001,13
491,8,"[4, 4, 4, 1, 1, 1]",20,"[4, 4, 4]",9.344000000000001,14
492,8,"[4, 4, 4, 1, 1, 1]",20,"[4, 4, 4]",7.408,14
493,8,"[4, 4, 4, 1, 1, 1]",20,"[4, 4, 4]",11.566000000000003,14
494,8,"[4, 4, 4, 1, 1, 1]",20,"[4, 4, 4]",11.586,15
495,8,"[4, 4, 4, 1, 1, 1]",20,"[4, 4, 4]",7.168,13
496,8,"[4, 4, 4, 1, 1, 1]",20,"[4, 4, 4]",7.19198,13
497,8,"[4, 4, 4, 1, 1, 1]",20,"[4, 4, 4]",5.207999999999998,14
498,8,"[4, 4, 4, 1, 1, 1]",20,"[4, 4, 4]",9.366000000000001,14
499,8,"[4, 4, 4, 1, 1, 1]",20,"[4, 4, 4]",9.366,14
478,8,"[4, 4, 4, 1, 1, 1]",20,"[4, 4, 4]",2.782,17
450,8,"[4, 4, 4, 1, 1, 1]",20,"[4, 4, 4]",7.367999999999999,12
464,8,"[4, 4, 4, 1, 1, 1]",20,"[4, 4, 4]",7.170000000000001,12
475,8,"[4, 4, 4, 1, 1, 1]",20,"[4, 4, 4]",7.401999999999999,17
455,8,"[4, 4, 4, 1, 1, 1]",20,"[4, 4, 4]",9.546000000000001,12
456,8,"[4, 4, 4, 1, 1, 1]",20,"[4, 4, 4]",9.368,13
457,8,"[4, 4, 4, 1, 1, 1]",20,"[4, 4, 4]",7.1899999999999995,13
458,8,"[4, 4, 4, 1, 1, 1]",20,"[4, 4, 4]",6.566000000000001,14
459,8,"[4, 4, 4, 1, 1, 1]",20,"[4, 4, 4]",7.389999999999999,12
460,8,"[4, 4, 4, 1, 1, 1]",20,"[4, 4, 4]",9.586,14
461,8,"[4, 4, 4, 1, 1, 1]",20,"[4, 4, 4]",9.3482,13
462,8,"[4, 4, 4, 1, 1, 1]",20,"[4, 4, 4]",11.586000000000002,15
463,8,"[4, 4, 4, 1, 1, 1]",20,"[4, 4, 4]",5.188,13
465,8,"[4, 4, 4, 1, 1, 1]",20,"[4, 4, 4]",9.586,14
453,8,"[4, 4, 4, 1, 1, 1]",20,"[4, 4, 4]",7.385999999999999,14
466,8,"[4, 4, 4, 1, 1, 1]",20,"[4, 4, 4]",4.991979999999999,13
467,8,"[4, 4, 4, 1, 1, 1]",20,"[4, 4, 4]",9.546199999999999,13
468,8,"[4, 4, 4, 1, 1, 1]",20,"[4, 4, 4]",9.408000000000001,15
469,8,"[4, 4, 4, 1, 1, 1]",20,"[4, 4, 4]",9.608,14
470,8,"[4, 4, 4, 1, 1, 1]",20,"[4, 4, 4]",11.246,13
471,8,"[4, 4, 4, 1, 1, 1]",20,"[4, 4, 4]",7.2119800000000005,14
472,8,"[4, 4, 4, 1, 1, 1]",20,"[4, 4, 4]",11.767980000000001,13
473,8,"[4, 4, 4, 1, 1, 1]",20,"[4, 4, 4]",9.368200000000002,14
474,8,"[4, 4, 4, 1, 1, 1]",20,"[4, 4, 4]",9.330180000000002,12
454,8,"[4, 4, 4, 1, 1, 1]",20,"[4, 4, 4]",9.39,13
800,8,[1],20,"[4, 4, 4, 4]",-8.599999999999998,19
805,8,[1],20,"[4, 4, 4, 4]",4.987999999999999,14
150,8,[1],20,"[4, 4, 4]",11.546000000000003,13
803,8,[1],20,"[4, 4, 4, 4]",7.1899999999999995,13
826,8,[1],20,"[4, 4, 4, 4]",4.388000000000001,14
824,8,[1],20,"[4, 4, 4, 4]",4.7859799999999995,16
823,8,[1],20,"[4, 4, 4, 4]",7.162,16
822,8,[1],20,"[4, 4, 4, 4]",0.3640000000000001,15
821,8,[1],20,"[4, 4, 4, 4]",-3.794020000000001,17
820,8,[1],20,"[4, 4, 4, 4]",-4.2,19
819,8,[1],20,"[4, 4, 4, 4]",6.908,15
818,8,[1],20,"[4, 4, 4, 4]",5.381999999999999,17
817,8,[1],20,"[4, 4, 4, 4]",4.363999999999999,15
816,8,[1],20,"[4, 4, 4, 4]",1.4799999999999993,17
815,8,[1],20,"[4, 4, 4, 4]",-0.49600000000000044,17
814,8,[1],20,"[4, 4, 4, 4]",5.082,17
813,8,[1],20,"[4, 4, 4, 4]",4.608,14
812,8,[1],20,"[4, 4, 4, 4]",3.4639999999999995,15
811,8,[1],20,"[4, 4, 4, 4]",-0.1920199999999994,16
810,8,[1],20,"[4, 4, 4, 4]",11.262000000000002,16
809,8,[1],20,"[4, 4, 4, 4]",5.082,17
808,8,[1],20,"[4, 4, 4, 4]",-3.2980000000000005,18
807,8,[1],20,"[4, 4, 4, 4]",0.10200000000000004,18
806,8,[1],20,"[4, 4, 4, 4]",8.966000000000001,13
802,8,[1],20,"[4, 4, 4, 4]",2.9920000000000004,11
801,8,[1],20,"[4, 4, 4, 4]",5.21,13
825,8,[1],20,"[4, 4, 4, 4]",4.99,13
827,8,[1],20,"[4, 4, 4, 4]",4.262,15
849,8,[1],20,"[4, 4, 4, 4]",4.0662,15
155,8,[1],20,"[4, 4, 4]",7.170179999999999,14
848,8,[1],20,"[4, 4, 4, 4]",2.282,17
847,8,[1],20,"[4, 4, 4, 4]",5.1079799999999995,16
846,8,[1],20,"[4, 4, 4, 4]",9.3482,13
845,8,[1],20,"[4, 4, 4, 4]",2.772,11
844,8,[1],20,"[4, 4, 4, 4]",7.148199999999999,13
843,8,[1],20,"[4, 4, 4, 4]",9.325999999999999,12
842,8,[1],20,"[4, 4, 4, 4]",7.3302000000000005,10
841,8,[1],20,"[4, 4, 4, 4]",11.526200000000001,13
840,8,[1],20,"[4, 4, 4, 4]",8.486,15
839,8,[1],20,"[4, 4, 4, 4]",-7.400000000000001,19
838,8,[1],20,"[4, 4, 4, 4]",2.6699999999999995,11
837,8,[1],20,"[4, 4, 4, 4]",4.386,15
836,8,[1],20,"[4, 4, 4, 4]",9.366,14
835,8,[1],20,"[4, 4, 4, 4]",4.4642,16
834,8,[1],20,"[4, 4, 4, 4]",-1.50604,13
833,8,[1],20,"[4, 4, 4, 4]",4.481999999999999,17
832,8,[1],20,"[4, 4, 4, 4]",6.504,16
831,8,[1],20,"[4, 4, 4, 4]",9.388,14
830,8,[1],20,"[4, 4, 4, 4]",2.306,16
829,8,[1],20,"[4, 4, 4, 4]",7.13218,11
828,8,[1],20,"[4, 4, 4, 4]",0.0999999999999997,19
804,8,[1],20,"[4, 4, 4, 4]",8.804000000000002,17
154,8,[1],20,"[4, 4, 4]",5.005999999999999,16
151,8,[1],20,"[4, 4, 4]",11.549980000000001,12
179,8,[1],20,"[4, 4, 4]",9.382,17
177,8,[1],20,"[4, 4, 4]",4.9879999999999995,14
176,8,[1],20,"[4, 4, 4]",4.97198,12
175,8,[1],20,"[4, 4, 4]",6.24798,13
174,8,[1],20,"[4, 4, 4]",9.386000000000001,15
173,8,[1],20,"[4, 4, 4]",9.565999999999999,13
172,8,[1],20,"[4, 4, 4]",7.148,12
171,8,[1],20,"[4, 4, 4]",9.588000000000003,13
170,8,[1],20,"[4, 4, 4]",9.591980000000001,12
169,8,[1],20,"[4, 4, 4]",7.385999999999999,14
168,8,[1],20,"[4, 4, 4]",9.348,12
167,8,[1],20,"[4, 4, 4]",11.52798,12
166,8,[1],20,"[4, 4, 4]",9.58998,13
165,8,[1],20,"[4, 4, 4]",6.001999999999999,18
164,8,[1],20,"[4, 4, 4]",11.569980000000001,13
163,8,[1],20,"[4, 4, 4]",7.1659999999999995,14
162,8,[1],20,"[4, 4, 4]",7.150000000000001,11
160,8,[1],20,"[4, 4, 4]",7.386000000000001,14
159,8,[1],20,"[4, 4, 4]",9.346,13
158,8,[1],20,"[4, 4, 4]",9.368000000000002,13
157,8,[1],20,"[4, 4, 4]",7.15,11
156,8,[1],20,"[4, 4, 4]",11.4664,11
178,8,[1],20,"[4, 4, 4]",9.566,13
161,8,[1],20,"[4, 4, 4]",7.351980000000001,10
180,8,[1],20,"[4, 4, 4]",2.1741799999999993,12
192,8,[1],20,"[4, 4, 4]",9.569980000000001,12
181,8,[1],20,"[4, 4, 4]",7.170000000000001,12
153,8,[1],20,"[4, 4, 4]",9.586000000000002,14
152,8,[1],20,"[4, 4, 4]",11.530180000000001,12
198,8,[1],20,"[4, 4, 4]",9.386000000000001,15
197,8,[1],20,"[4, 4, 4]",7.409999999999999,13
196,8,[1],20,"[4, 4, 4]",7.204,17
195,8,[1],20,"[4, 4, 4]",2.97398,10
194,8,[1],20,"[4, 4, 4]",7.168,13
193,8,[1],20,"[4, 4, 4]",0.7060000000000003,16
199,8,[1],20,"[4, 4, 4]",7.391979999999999,12
191,8,[1],20,"[4, 4, 4]",7.165999999999999,14
186,8,[1],20,"[4, 4, 4]",7.143999999999999,14
190,8,[1],20,"[4, 4, 4]",9.38998,14
183,8,[1],20,"[4, 4, 4]",7.20998,15
182,8,[1],20,"[4, 4, 4]",9.369980000000002,13
185,8,[1],20,"[4, 4, 4]",11.76998,12
184,8,[1],20,"[4, 4, 4]",7.3719800000000015,11
187,8,[1],20,"[4, 4, 4]",8.485999999999999,15
188,8,[1],20,"[4, 4, 4]",9.088000000000001,14
189,8,[1],20,"[4, 4, 4]",9.406000000000002,16
506,8,"[1, 4, 4, 4]",20,"[4, 4, 4]",9.348,12
505,8,"[1, 4, 4, 4]",20,"[4, 4, 4]",9.350200000000001,12
504,8,"[1, 4, 4, 4]",20,"[4, 4, 4]",9.386000000000003,15
503,8,"[1, 4, 4, 4]",20,"[4, 4, 4]",11.490179999999999,10
502,8,"[1, 4, 4, 4]",20,"[4, 4, 4]",11.566,14
501,8,"[1, 4, 4, 4]",20,"[4, 4, 4]",7.188000000000001,14
500,8,"[1, 4, 4, 4]",20,"[4, 4, 4]",9.606000000000002,15
1198,8,"[1, 4, 4, 4]",20,"[4, 4, 4, 4]",4.97,12
1194,8,"[1, 4, 4, 4]",20,"[4, 4, 4, 4]",1.3119799999999997,14
1197,8,"[1, 4, 4, 4]",20,"[4, 4, 4, 4]",9.308399999999999,12
1196,8,"[1, 4, 4, 4]",20,"[4, 4, 4, 4]",-3.0358000000000005,16
1195,8,"[1, 4, 4, 4]",20,"[4, 4, 4, 4]",9.282000000000004,16
1193,8,"[1, 4, 4, 4]",20,"[4, 4, 4, 4]",7.168,13
1192,8,"[1, 4, 4, 4]",20,"[4, 4, 4, 4]",9.584000000000001,15
1191,8,"[1, 4, 4, 4]",20,"[4, 4, 4, 4]",-3.298,18
508,8,"[1, 4, 4, 4]",20,"[4, 4, 4]",9.782,15
1190,8,"[1, 4, 4, 4]",20,"[4, 4, 4, 4]",1.4859999999999998,14
507,8,"[1, 4, 4, 4]",20,"[4, 4, 4]",9.564,14
519,8,"[1, 4, 4, 4]",20,"[4, 4, 4]",4.628,11
509,8,"[1, 4, 4, 4]",20,"[4, 4, 4]",11.564000000000002,15
520,8,"[1, 4, 4, 4]",20,"[4, 4, 4]",9.57218,12
1188,8,"[1, 4, 4, 4]",20,"[4, 4, 4, 4]",9.41196,15
526,8,"[1, 4, 4, 4]",20,"[4, 4, 4]",11.586000000000002,15
525,8,"[1, 4, 4, 4]",20,"[4, 4, 4]",11.766000000000002,13
524,8,"[1, 4, 4, 4]",20,"[4, 4, 4]",7.128,11
523,8,"[1, 4, 4, 4]",20,"[4, 4, 4]",9.408000000000001,15
522,8,"[1, 4, 4, 4]",20,"[4, 4, 4]",9.366000000000003,14
521,8,"[1, 4, 4, 4]",20,"[4, 4, 4]",2.8099999999999987,14
518,8,"[1, 4, 4, 4]",20,"[4, 4, 4]",9.412,13
510,8,"[1, 4, 4, 4]",20,"[4, 4, 4]",4.985999999999999,15
517,8,"[1, 4, 4, 4]",20,"[4, 4, 4]",7.167999999999998,13
516,8,"[1, 4, 4, 4]",20,"[4, 4, 4]",9.3662,15
515,8,"[1, 4, 4, 4]",20,"[4, 4, 4]",9.368000000000002,13
514,8,"[1, 4, 4, 4]",20,"[4, 4, 4]",11.528200000000002,12
513,8,"[1, 4, 4, 4]",20,"[4, 4, 4]",9.544,13
512,8,"[1, 4, 4, 4]",20,"[4, 4, 4]",9.388000000000002,14
511,8,"[1, 4, 4, 4]",20,"[4, 4, 4]",9.409980000000001,15
1189,8,"[1, 4, 4, 4]",20,"[4, 4, 4, 4]",-0.19600000000000034,17
1164,8,"[1, 4, 4, 4]",20,"[4, 4, 4, 4]",-1.7900200000000006,15
1187,8,"[1, 4, 4, 4]",20,"[4, 4, 4, 4]",2.801999999999999,18
1158,8,"[1, 4, 4, 4]",20,"[4, 4, 4, 4]",5.2120000000000015,12
1165,8,"[1, 4, 4, 4]",20,"[4, 4, 4, 4]",4.663999999999999,15
528,8,"[1, 4, 4, 4]",20,"[4, 4, 4]",9.590000000000003,12
1163,8,"[1, 4, 4, 4]",20,"[4, 4, 4, 4]",1.4859999999999989,14
1162,8,"[1, 4, 4, 4]",20,"[4, 4, 4, 4]",2.78,18
1161,8,"[1, 4, 4, 4]",20,"[4, 4, 4, 4]",2.789999999999999,13
1160,8,"[1, 4, 4, 4]",20,"[4, 4, 4, 4]",-1.6179999999999999,17
1159,8,"[1, 4, 4, 4]",20,"[4, 4, 4, 4]",8.486,15
1157,8,"[1, 4, 4, 4]",20,"[4, 4, 4, 4]",3.6439999999999997,13
1186,8,"[1, 4, 4, 4]",20,"[4, 4, 4, 4]",7.391980000000001,12
1156,8,"[1, 4, 4, 4]",20,"[4, 4, 4, 4]",1.6079999999999992,15
1155,8,"[1, 4, 4, 4]",20,"[4, 4, 4, 4]",-1.3999999999999997,18
1154,8,"[1, 4, 4, 4]",20,"[4, 4, 4, 4]",4.99,13
1153,8,"[1, 4, 4, 4]",20,"[4, 4, 4, 4]",4.61,13
1152,8,"[1, 4, 4, 4]",20,"[4, 4, 4, 4]",5.183999999999998,15
1151,8,"[1, 4, 4, 4]",20,"[4, 4, 4, 4]",-1.4000000000000001,19
1150,8,"[1, 4, 4, 4]",20,"[4, 4, 4, 4]",7.387999999999999,13
1166,8,"[1, 4, 4, 4]",20,"[4, 4, 4, 4]",5.3462,14
1167,8,"[1, 4, 4, 4]",20,"[4, 4, 4, 4]",5.403999999999999,17
1168,8,"[1, 4, 4, 4]",20,"[4, 4, 4, 4]",-3.2960000000000003,17
1169,8,"[1, 4, 4, 4]",20,"[4, 4, 4, 4]",7.88798,15
1185,8,"[1, 4, 4, 4]",20,"[4, 4, 4, 4]",9.065999999999999,14
1184,8,"[1, 4, 4, 4]",20,"[4, 4, 4, 4]",9.344,14
1183,8,"[1, 4, 4, 4]",20,"[4, 4, 4, 4]",2.793979999999999,12
1182,8,"[1, 4, 4, 4]",20,"[4, 4, 4, 4]",2.1899999999999995,13
1181,8,"[1, 4, 4, 4]",20,"[4, 4, 4, 4]",5.011999999999999,13
1180,8,"[1, 4, 4, 4]",20,"[4, 4, 4, 4]",-0.5179999999999998,17
1179,8,"[1, 4, 4, 4]",20,"[4, 4, 4, 4]",3.0159800000000003,11
1177,8,"[1, 4, 4, 4]",20,"[4, 4, 4, 4]",2.8619999999999997,16
1176,8,"[1, 4, 4, 4]",20,"[4, 4, 4, 4]",4.405999999999998,16
1175,8,"[1, 4, 4, 4]",20,"[4, 4, 4, 4]",-8.398,17
1174,8,"[1, 4, 4, 4]",20,"[4, 4, 4, 4]",-0.7980000000000003,18
1173,8,"[1, 4, 4, 4]",20,"[4, 4, 4, 4]",2.844,14
1172,8,"[1, 4, 4, 4]",20,"[4, 4, 4, 4]",9.087980000000002,15
1171,8,"[1, 4, 4, 4]",20,"[4, 4, 4, 4]",7.391980000000001,12
1170,8,"[1, 4, 4, 4]",20,"[4, 4, 4, 4]",9.766000000000002,12
527,8,"[1, 4, 4, 4]",20,"[4, 4, 4]",7.367999999999999,12
1178,8,"[1, 4, 4, 4]",20,"[4, 4, 4, 4]",2.864,15
529,8,"[1, 4, 4, 4]",20,"[4, 4, 4]",9.406000000000002,16
541,8,"[1, 4, 4, 4]",20,"[4, 4, 4]",11.609980000000002,15
530,8,"[1, 4, 4, 4]",20,"[4, 4, 4]",9.564,14
1199,8,"[1, 4, 4, 4]",20,"[4, 4, 4, 4]",11.204199999999998,13
549,8,"[1, 4, 4, 4]",20,"[4, 4, 4]",9.364000000000003,15
547,8,"[1, 4, 4, 4]",20,"[4, 4, 4]",11.564000000000002,15
546,8,"[1, 4, 4, 4]",20,"[4, 4, 4]",9.369980000000002,13
545,8,"[1, 4, 4, 4]",20,"[4, 4, 4]",4.6521799999999995,12
544,8,"[1, 4, 4, 4]",20,"[4, 4, 4]",7.184000000000002,16
543,8,"[1, 4, 4, 4]",20,"[4, 4, 4]",9.526200000000001,12
542,8,"[1, 4, 4, 4]",20,"[4, 4, 4]",7.388,13
548,8,"[1, 4, 4, 4]",20,"[4, 4, 4]",9.328199999999999,12
540,8,"[1, 4, 4, 4]",20,"[4, 4, 4]",11.60998,15
534,8,"[1, 4, 4, 4]",20,"[4, 4, 4]",5.384,16
539,8,"[1, 4, 4, 4]",20,"[4, 4, 4]",11.526200000000003,13
531,8,"[1, 4, 4, 4]",20,"[4, 4, 4]",9.328200000000002,12
532,8,"[1, 4, 4, 4]",20,"[4, 4, 4]",11.591980000000001,13
533,8,"[1, 4, 4, 4]",20,"[4, 4, 4]",11.766200000000001,14
535,8,"[1, 4, 4, 4]",20,"[4, 4, 4]",9.386000000000003,15
536,8,"[1, 4, 4, 4]",20,"[4, 4, 4]",5.005999999999999,16
537,8,"[1, 4, 4, 4]",20,"[4, 4, 4]",9.3462,14
538,8,"[1, 4, 4, 4]",20,"[4, 4, 4]",9.348,12
895,8,"[1, 1, 1]",20,"[4, 4, 4, 4]",2.4919999999999987,12
201,8,"[1, 1, 1]",20,"[4, 4, 4]",5.168,12
896,8,"[1, 1, 1]",20,"[4, 4, 4, 4]",2.8079799999999997,16
897,8,"[1, 1, 1]",20,"[4, 4, 4, 4]",7.145999999999999,13
898,8,"[1, 1, 1]",20,"[4, 4, 4, 4]",7.19198,13
899,8,"[1, 1, 1]",20,"[4, 4, 4, 4]",0.5819999999999997,16
200,8,"[1, 1, 1]",20,"[4, 4, 4]",7.209980000000002,15
206,8,"[1, 1, 1]",20,"[4, 4, 4]",7.209979999999999,15
202,8,"[1, 1, 1]",20,"[4, 4, 4]",2.813999999999999,12
203,8,"[1, 1, 1]",20,"[4, 4, 4]",11.564000000000002,15
204,8,"[1, 1, 1]",20,"[4, 4, 4]",9.38798,15
205,8,"[1, 1, 1]",20,"[4, 4, 4]",9.41,14
207,8,"[1, 1, 1]",20,"[4, 4, 4]",5.211979999999999,13
208,8,"[1, 1, 1]",20,"[4, 4, 4]",7.185999999999999,15
209,8,"[1, 1, 1]",20,"[4, 4, 4]",9.39,13
893,8,"[1, 1, 1]",20,"[4, 4, 4, 4]",9.366,14
894,8,"[1, 1, 1]",20,"[4, 4, 4, 4]",7.366,13
882,8,"[1, 1, 1]",20,"[4, 4, 4, 4]",-0.8860200000000007,13
892,8,"[1, 1, 1]",20,"[4, 4, 4, 4]",9.5062,11
211,8,"[1, 1, 1]",20,"[4, 4, 4]",11.568200000000001,14
876,8,"[1, 1, 1]",20,"[4, 4, 4, 4]",7.186,15
877,8,"[1, 1, 1]",20,"[4, 4, 4, 4]",7.187999999999999,14
878,8,"[1, 1, 1]",20,"[4, 4, 4, 4]",7.148000000000001,12
879,8,"[1, 1, 1]",20,"[4, 4, 4, 4]",7.1262,13
880,8,"[1, 1, 1]",20,"[4, 4, 4, 4]",7.168,13
881,8,"[1, 1, 1]",20,"[4, 4, 4, 4]",7.15198,11
883,8,"[1, 1, 1]",20,"[4, 4, 4, 4]",9.60998,14
891,8,"[1, 1, 1]",20,"[4, 4, 4, 4]",5.364,15
884,8,"[1, 1, 1]",20,"[4, 4, 4, 4]",2.211999999999999,13
885,8,"[1, 1, 1]",20,"[4, 4, 4, 4]",-5.215999999999999,16
886,8,"[1, 1, 1]",20,"[4, 4, 4, 4]",5.345999999999999,11
887,8,"[1, 1, 1]",20,"[4, 4, 4, 4]",5.3659799999999995,15
889,8,"[1, 1, 1]",20,"[4, 4, 4, 4]",8.950180000000001,12
890,8,"[1, 1, 1]",20,"[4, 4, 4, 4]",9.408000000000001,15
210,8,"[1, 1, 1]",20,"[4, 4, 4]",11.5262,13
222,8,"[1, 1, 1]",20,"[4, 4, 4]",11.524000000000001,13
212,8,"[1, 1, 1]",20,"[4, 4, 4]",3.7859999999999996,15
231,8,"[1, 1, 1]",20,"[4, 4, 4]",9.366000000000001,14
233,8,"[1, 1, 1]",20,"[4, 4, 4]",9.364000000000004,15
234,8,"[1, 1, 1]",20,"[4, 4, 4]",9.389980000000001,14
235,8,"[1, 1, 1]",20,"[4, 4, 4]",9.386000000000003,15
236,8,"[1, 1, 1]",20,"[4, 4, 4]",11.5282,12
237,8,"[1, 1, 1]",20,"[4, 4, 4]",9.3282,12
238,8,"[1, 1, 1]",20,"[4, 4, 4]",9.29438,9
239,8,"[1, 1, 1]",20,"[4, 4, 4]",7.385999999999999,14
240,8,"[1, 1, 1]",20,"[4, 4, 4]",11.804000000000002,16
241,8,"[1, 1, 1]",20,"[4, 4, 4]",9.406000000000004,16
242,8,"[1, 1, 1]",20,"[4, 4, 4]",9.78798,13
243,8,"[1, 1, 1]",20,"[4, 4, 4]",9.364,15
244,8,"[1, 1, 1]",20,"[4, 4, 4]",3.3840000000000003,15
245,8,"[1, 1, 1]",20,"[4, 4, 4]",7.1702,13
246,8,"[1, 1, 1]",20,"[4, 4, 4]",9.34998,12
247,8,"[1, 1, 1]",20,"[4, 4, 4]",9.3462,14
232,8,"[1, 1, 1]",20,"[4, 4, 4]",9.3282,12
230,8,"[1, 1, 1]",20,"[4, 4, 4]",7.1499999999999995,11
213,8,"[1, 1, 1]",20,"[4, 4, 4]",2.5,18
229,8,"[1, 1, 1]",20,"[4, 4, 4]",4.99398,12
214,8,"[1, 1, 1]",20,"[4, 4, 4]",9.346,13
215,8,"[1, 1, 1]",20,"[4, 4, 4]",9.566000000000003,13
216,8,"[1, 1, 1]",20,"[4, 4, 4]",9.564,14
217,8,"[1, 1, 1]",20,"[4, 4, 4]",9.390000000000002,13
218,8,"[1, 1, 1]",20,"[4, 4, 4]",9.368200000000002,14
219,8,"[1, 1, 1]",20,"[4, 4, 4]",9.346,13
220,8,"[1, 1, 1]",20,"[4, 4, 4]",2.761999999999999,16
221,8,"[1, 1, 1]",20,"[4, 4, 4]",9.386,15
874,8,"[1, 1, 1]",20,"[4, 4, 4, 4]",7.110200000000001,10
223,8,"[1, 1, 1]",20,"[4, 4, 4]",11.588000000000001,14
224,8,"[1, 1, 1]",20,"[4, 4, 4]",11.564,15
225,8,"[1, 1, 1]",20,"[4, 4, 4]",7.189980000000001,14
226,8,"[1, 1, 1]",20,"[4, 4, 4]",7.1682,14
227,8,"[1, 1, 1]",20,"[4, 4, 4]",9.39,13
228,8,"[1, 1, 1]",20,"[4, 4, 4]",2.769999999999999,12
875,8,"[1, 1, 1]",20,"[4, 4, 4, 4]",8.644200000000001,14
888,8,"[1, 1, 1]",20,"[4, 4, 4, 4]",2.784,15
873,8,"[1, 1, 1]",20,"[4, 4, 4, 4]",5.1719800000000005,11
859,8,"[1, 1, 1]",20,"[4, 4, 4, 4]",4.0721799999999995,13
249,8,"[1, 1, 1]",20,"[4, 4, 4]",7.188,14
872,8,"[1, 1, 1]",20,"[4, 4, 4, 4]",9.086,15
850,8,"[1, 1, 1]",20,"[4, 4, 4, 4]",11.60998,15
851,8,"[1, 1, 1]",20,"[4, 4, 4, 4]",9.246,12
852,8,"[1, 1, 1]",20,"[4, 4, 4, 4]",9.388,14
853,8,"[1, 1, 1]",20,"[4, 4, 4, 4]",4.688000000000001,14
854,8,"[1, 1, 1]",20,"[4, 4, 4, 4]",9.370000000000001,12
855,8,"[1, 1, 1]",20,"[4, 4, 4, 4]",9.366000000000001,14
856,8,"[1, 1, 1]",20,"[4, 4, 4, 4]",3.48998,14
857,8,"[1, 1, 1]",20,"[4, 4, 4, 4]",7.148000000000001,12
858,8,"[1, 1, 1]",20,"[4, 4, 4, 4]",2.761999999999999,16
248,8,"[1, 1, 1]",20,"[4, 4, 4]",11.562000000000003,16
860,8,"[1, 1, 1]",20,"[4, 4, 4, 4]",-1.2140000000000004,15
867,8,"[1, 1, 1]",20,"[4, 4, 4, 4]",7.166,14
870,8,"[1, 1, 1]",20,"[4, 4, 4, 4]",11.526200000000003,13
861,8,"[1, 1, 1]",20,"[4, 4, 4, 4]",4.707999999999998,15
869,8,"[1, 1, 1]",20,"[4, 4, 4, 4]",7.207999999999999,15
868,8,"[1, 1, 1]",20,"[4, 4, 4, 4]",7.151979999999999,11
871,8,"[1, 1, 1]",20,"[4, 4, 4, 4]",7.168,13
866,8,"[1, 1, 1]",20,"[4, 4, 4, 4]",5.009979999999999,15
865,8,"[1, 1, 1]",20,"[4, 4, 4, 4]",7.306000000000001,10
864,8,"[1, 1, 1]",20,"[4, 4, 4, 4]",5.168,12
863,8,"[1, 1, 1]",20,"[4, 4, 4, 4]",9.368000000000002,13
862,8,"[1, 1, 1]",20,"[4, 4, 4, 4]",4.666,14
1225,8,"[1, 1, 1, 4, 4, 4]",20,"[4, 4, 4, 4]",5.170000000000001,11
1234,8,"[1, 1, 1, 4, 4, 4]",20,"[4, 4, 4, 4]",-1.7199999999999998,18
1226,8,"[1, 1, 1, 4, 4, 4]",20,"[4, 4, 4, 4]",7.822000000000002,14
1227,8,"[1, 1, 1, 4, 4, 4]",20,"[4, 4, 4, 4]",2.906,16
1228,8,"[1, 1, 1, 4, 4, 4]",20,"[4, 4, 4, 4]",8.79198,13
1229,8,"[1, 1, 1, 4, 4, 4]",20,"[4, 4, 4, 4]",1.8659799999999989,15
1230,8,"[1, 1, 1, 4, 4, 4]",20,"[4, 4, 4, 4]",11.585999999999999,15
1231,8,"[1, 1, 1, 4, 4, 4]",20,"[4, 4, 4, 4]",4.99398,12
1232,8,"[1, 1, 1, 4, 4, 4]",20,"[4, 4, 4, 4]",4.991999999999999,12
1233,8,"[1, 1, 1, 4, 4, 4]",20,"[4, 4, 4, 4]",-3.6000000000000005,19
1238,8,"[1, 1, 1, 4, 4, 4]",20,"[4, 4, 4, 4]",9.348200000000002,13
1235,8,"[1, 1, 1, 4, 4, 4]",20,"[4, 4, 4, 4]",11.565999999999999,14
1236,8,"[1, 1, 1, 4, 4, 4]",20,"[4, 4, 4, 4]",0.8839999999999998,15
1237,8,"[1, 1, 1, 4, 4, 4]",20,"[4, 4, 4, 4]",-0.7140000000000004,14
1223,8,"[1, 1, 1, 4, 4, 4]",20,"[4, 4, 4, 4]",2.515979999999999,12
1239,8,"[1, 1, 1, 4, 4, 4]",20,"[4, 4, 4, 4]",8.984000000000002,15
1240,8,"[1, 1, 1, 4, 4, 4]",20,"[4, 4, 4, 4]",7.388,13
1241,8,"[1, 1, 1, 4, 4, 4]",20,"[4, 4, 4, 4]",0.9879999999999997,14
1242,8,"[1, 1, 1, 4, 4, 4]",20,"[4, 4, 4, 4]",-4.398,17
1243,8,"[1, 1, 1, 4, 4, 4]",20,"[4, 4, 4, 4]",9.388,14
1244,8,"[1, 1, 1, 4, 4, 4]",20,"[4, 4, 4, 4]",11.724,12
1224,8,"[1, 1, 1, 4, 4, 4]",20,"[4, 4, 4, 4]",4.99398,12
1220,8,"[1, 1, 1, 4, 4, 4]",20,"[4, 4, 4, 4]",7.3660000000000005,13
1222,8,"[1, 1, 1, 4, 4, 4]",20,"[4, 4, 4, 4]",4.69398,12
1210,8,"[1, 1, 1, 4, 4, 4]",20,"[4, 4, 4, 4]",0.8119999999999991,12
1200,8,"[1, 1, 1, 4, 4, 4]",20,"[4, 4, 4, 4]",7.171980000000001,12
1201,8,"[1, 1, 1, 4, 4, 4]",20,"[4, 4, 4, 4]",7.19,13
1202,8,"[1, 1, 1, 4, 4, 4]",20,"[4, 4, 4, 4]",7.1959599999999995,12
1203,8,"[1, 1, 1, 4, 4, 4]",20,"[4, 4, 4, 4]",4.932199999999999,10
1204,8,"[1, 1, 1, 4, 4, 4]",20,"[4, 4, 4, 4]",-6.398,18
1205,8,"[1, 1, 1, 4, 4, 4]",20,"[4, 4, 4, 4]",7.366,13
1206,8,"[1, 1, 1, 4, 4, 4]",20,"[4, 4, 4, 4]",8.766000000000002,14
1207,8,"[1, 1, 1, 4, 4, 4]",20,"[4, 4, 4, 4]",9.488400000000002,10
1208,8,"[1, 1, 1, 4, 4, 4]",20,"[4, 4, 4, 4]",5.191979999999999,12
1209,8,"[1, 1, 1, 4, 4, 4]",20,"[4, 4, 4, 4]",3.73416,11
1211,8,"[1, 1, 1, 4, 4, 4]",20,"[4, 4, 4, 4]",-9.0,18
1221,8,"[1, 1, 1, 4, 4, 4]",20,"[4, 4, 4, 4]",7.193980000000001,12
1212,8,"[1, 1, 1, 4, 4, 4]",20,"[4, 4, 4, 4]",5.182,16
1213,8,"[1, 1, 1, 4, 4, 4]",20,"[4, 4, 4, 4]",0.3839999999999996,16
1214,8,"[1, 1, 1, 4, 4, 4]",20,"[4, 4, 4, 4]",7.21,14
1215,8,"[1, 1, 1, 4, 4, 4]",20,"[4, 4, 4, 4]",-0.8400000000000001,17
1216,8,"[1, 1, 1, 4, 4, 4]",20,"[4, 4, 4, 4]",7.403999999999999,16
1217,8,"[1, 1, 1, 4, 4, 4]",20,"[4, 4, 4, 4]",0.21199999999999924,12
1218,8,"[1, 1, 1, 4, 4, 4]",20,"[4, 4, 4, 4]",-3.6180000000000003,17
1219,8,"[1, 1, 1, 4, 4, 4]",20,"[4, 4, 4, 4]",-7.698,18
1246,8,"[1, 1, 1, 4, 4, 4]",20,"[4, 4, 4, 4]",11.548180000000002,14
1298,8,"[1, 1, 1, 4, 4, 4]",20,"[4, 4, 4, 4]",-5.818,17
1245,8,"[1, 1, 1, 4, 4, 4]",20,"[4, 4, 4, 4]",-8.597999999999999,18
1292,8,"[1, 1, 1, 4, 4, 4]",20,"[4, 4, 4, 4]",-5.7880798,16
1297,8,"[1, 1, 1, 4, 4, 4]",20,"[4, 4, 4, 4]",-5.298,17
1258,8,"[1, 1, 1, 4, 4, 4]",20,"[4, 4, 4, 4]",5.402,18
1268,8,"[1, 1, 1, 4, 4, 4]",20,"[4, 4, 4, 4]",-3.62,18
1267,8,"[1, 1, 1, 4, 4, 4]",20,"[4, 4, 4, 4]",7.130200000000001,11
1266,8,"[1, 1, 1, 4, 4, 4]",20,"[4, 4, 4, 4]",9.58998,13
1265,8,"[1, 1, 1, 4, 4, 4]",20,"[4, 4, 4, 4]",7.170000000000001,12
1264,8,"[1, 1, 1, 4, 4, 4]",20,"[4, 4, 4, 4]",7.186000000000001,15
1263,8,"[1, 1, 1, 4, 4, 4]",20,"[4, 4, 4, 4]",9.386000000000003,15
1262,8,"[1, 1, 1, 4, 4, 4]",20,"[4, 4, 4, 4]",3.644000000000001,13
1261,8,"[1, 1, 1, 4, 4, 4]",20,"[4, 4, 4, 4]",-1.9860000000000009,11
1260,8,"[1, 1, 1, 4, 4, 4]",20,"[4, 4, 4, 4]",4.989999999999999,13
1259,8,"[1, 1, 1, 4, 4, 4]",20,"[4, 4, 4, 4]",4.967979999999999,14
1257,8,"[1, 1, 1, 4, 4, 4]",20,"[4, 4, 4, 4]",4.96998,13
1296,8,"[1, 1, 1, 4, 4, 4]",20,"[4, 4, 4, 4]",9.60998,14
1256,8,"[1, 1, 1, 4, 4, 4]",20,"[4, 4, 4, 4]",11.582000000000004,17
1255,8,"[1, 1, 1, 4, 4, 4]",20,"[4, 4, 4, 4]",6.1,19
1254,8,"[1, 1, 1, 4, 4, 4]",20,"[4, 4, 4, 4]",9.565999999999999,13
1253,8,"[1, 1, 1, 4, 4, 4]",20,"[4, 4, 4, 4]",9.350200000000001,12
1252,8,"[1, 1, 1, 4, 4, 4]",20,"[4, 4, 4, 4]",5.012000000000001,13
1251,8,"[1, 1, 1, 4, 4, 4]",20,"[4, 4, 4, 4]",-3.6900000000000004,14
1250,8,"[1, 1, 1, 4, 4, 4]",20,"[4, 4, 4, 4]",1.164,14
1249,8,"[1, 1, 1, 4, 4, 4]",20,"[4, 4, 4, 4]",2.191979999999999,13
1247,8,"[1, 1, 1, 4, 4, 4]",20,"[4, 4, 4, 4]",-3.12,17
1248,8,"[1, 1, 1, 4, 4, 4]",20,"[4, 4, 4, 4]",-1.8338000000000005,15
1269,8,"[1, 1, 1, 4, 4, 4]",20,"[4, 4, 4, 4]",8.94798,12
1270,8,"[1, 1, 1, 4, 4, 4]",20,"[4, 4, 4, 4]",1.2079999999999997,14
1271,8,"[1, 1, 1, 4, 4, 4]",20,"[4, 4, 4, 4]",2.4919999999999995,12
1272,8,"[1, 1, 1, 4, 4, 4]",20,"[4, 4, 4, 4]",-4.6000000000000005,19
1295,8,"[1, 1, 1, 4, 4, 4]",20,"[4, 4, 4, 4]",2.305979999999999,17
1294,8,"[1, 1, 1, 4, 4, 4]",20,"[4, 4, 4, 4]",4.956180000000001,10
1293,8,"[1, 1, 1, 4, 4, 4]",20,"[4, 4, 4, 4]",0.34420000000000023,15
1291,8,"[1, 1, 1, 4, 4, 4]",20,"[4, 4, 4, 4]",-1.7880200000000004,14
1290,8,"[1, 1, 1, 4, 4, 4]",20,"[4, 4, 4, 4]",1.911979999999999,14
1289,8,"[1, 1, 1, 4, 4, 4]",20,"[4, 4, 4, 4]",1.7679999999999998,12
1288,8,"[1, 1, 1, 4, 4, 4]",20,"[4, 4, 4, 4]",7.368000000000001,12
1287,8,"[1, 1, 1, 4, 4, 4]",20,"[4, 4, 4, 4]",9.346,13
1286,8,"[1, 1, 1, 4, 4, 4]",20,"[4, 4, 4, 4]",-5.800000000000001,19
1284,8,"[1, 1, 1, 4, 4, 4]",20,"[4, 4, 4, 4]",-2.1338000000000004,15
1283,8,"[1, 1, 1, 4, 4, 4]",20,"[4, 4, 4, 4]",4.46,17
1282,8,"[1, 1, 1, 4, 4, 4]",20,"[4, 4, 4, 4]",5.012,13
1281,8,"[1, 1, 1, 4, 4, 4]",20,"[4, 4, 4, 4]",-5.000000000000003,19
1280,8,"[1, 1, 1, 4, 4, 4]",20,"[4, 4, 4, 4]",3.783999999999999,16
1279,8,"[1, 1, 1, 4, 4, 4]",20,"[4, 4, 4, 4]",9.388,14
1278,8,"[1, 1, 1, 4, 4, 4]",20,"[4, 4, 4, 4]",9.386000000000001,15
1277,8,"[1, 1, 1, 4, 4, 4]",20,"[4, 4, 4, 4]",9.409980000000001,15
1276,8,"[1, 1, 1, 4, 4, 4]",20,"[4, 4, 4, 4]",7.164000000000001,15
1275,8,"[1, 1, 1, 4, 4, 4]",20,"[4, 4, 4, 4]",7.175959999999999,11
1274,8,"[1, 1, 1, 4, 4, 4]",20,"[4, 4, 4, 4]",7.348000000000001,11
1273,8,"[1, 1, 1, 4, 4, 4]",20,"[4, 4, 4, 4]",7.329980000000001,10
1285,8,"[1, 1, 1, 4, 4, 4]",20,"[4, 4, 4, 4]",10.3442,15
1299,8,"[1, 1, 1, 4, 4, 4]",20,"[4, 4, 4, 4]",7.386,14
601,8,"[1, 1, 1, 4, 4, 4]",20,"[4, 4, 4]",11.565980000000001,15
606,8,"[1, 1, 1, 4, 4, 4]",20,"[4, 4, 4]",7.363999999999999,14
604,8,"[1, 1, 1, 4, 4, 4]",20,"[4, 4, 4]",9.3462,14
603,8,"[1, 1, 1, 4, 4, 4]",20,"[4, 4, 4]",9.351959999999998,12
602,8,"[1, 1, 1, 4, 4, 4]",20,"[4, 4, 4]",11.942000000000002,13
551,8,"[1, 1, 1, 4, 4, 4]",20,"[4, 4, 4]",9.106000000000002,16
600,8,"[1, 1, 1, 4, 4, 4]",20,"[4, 4, 4]",7.193980000000002,12
599,8,"[1, 1, 1, 4, 4, 4]",20,"[4, 4, 4]",11.591980000000001,13
598,8,"[1, 1, 1, 4, 4, 4]",20,"[4, 4, 4]",11.745999999999999,12
597,8,"[1, 1, 1, 4, 4, 4]",20,"[4, 4, 4]",7.188,14
596,8,"[1, 1, 1, 4, 4, 4]",20,"[4, 4, 4]",9.569980000000001,12
595,8,"[1, 1, 1, 4, 4, 4]",20,"[4, 4, 4]",-1.5840000000000003,11
594,8,"[1, 1, 1, 4, 4, 4]",20,"[4, 4, 4]",4.689979999999999,14
593,8,"[1, 1, 1, 4, 4, 4]",20,"[4, 4, 4]",6.482,16
592,8,"[1, 1, 1, 4, 4, 4]",20,"[4, 4, 4]",11.586000000000002,15
591,8,"[1, 1, 1, 4, 4, 4]",20,"[4, 4, 4]",9.606000000000002,15
590,8,"[1, 1, 1, 4, 4, 4]",20,"[4, 4, 4]",9.350200000000001,12
605,8,"[1, 1, 1, 4, 4, 4]",20,"[4, 4, 4]",11.926200000000001,11
607,8,"[1, 1, 1, 4, 4, 4]",20,"[4, 4, 4]",7.208,15
588,8,"[1, 1, 1, 4, 4, 4]",20,"[4, 4, 4]",11.546000000000001,13
608,8,"[1, 1, 1, 4, 4, 4]",20,"[4, 4, 4]",11.564,15
623,8,"[1, 1, 1, 4, 4, 4]",20,"[4, 4, 4]",11.586000000000002,15
622,8,"[1, 1, 1, 4, 4, 4]",20,"[4, 4, 4]",4.9779599999999995,10
621,8,"[1, 1, 1, 4, 4, 4]",20,"[4, 4, 4]",7.186,15
620,8,"[1, 1, 1, 4, 4, 4]",20,"[4, 4, 4]",7.168000000000001,13
619,8,"[1, 1, 1, 4, 4, 4]",20,"[4, 4, 4]",5.8462,13
618,8,"[1, 1, 1, 4, 4, 4]",20,"[4, 4, 4]",4.985999999999999,15
617,8,"[1, 1, 1, 4, 4, 4]",20,"[4, 4, 4]",9.490578,10
616,8,"[1, 1, 1, 4, 4, 4]",20,"[4, 4, 4]",6.868199999999999,14
615,8,"[1, 1, 1, 4, 4, 4]",20,"[4, 4, 4]",11.5082,11
614,8,"[1, 1, 1, 4, 4, 4]",20,"[4, 4, 4]",7.211979999999999,14
613,8,"[1, 1, 1, 4, 4, 4]",20,"[4, 4, 4]",7.190000000000001,13
612,8,"[1, 1, 1, 4, 4, 4]",20,"[4, 4, 4]",9.407999999999998,15
611,8,"[1, 1, 1, 4, 4, 4]",20,"[4, 4, 4]",9.566,13
610,8,"[1, 1, 1, 4, 4, 4]",20,"[4, 4, 4]",7.169999999999999,12
609,8,"[1, 1, 1, 4, 4, 4]",20,"[4, 4, 4]",7.209999999999999,14
589,8,"[1, 1, 1, 4, 4, 4]",20,"[4, 4, 4]",9.322,14
587,8,"[1, 1, 1, 4, 4, 4]",20,"[4, 4, 4]",4.971979999999999,12
625,8,"[1, 1, 1, 4, 4, 4]",20,"[4, 4, 4]",4.693960000000001,13
568,8,"[1, 1, 1, 4, 4, 4]",20,"[4, 4, 4]",5.009999999999999,14
566,8,"[1, 1, 1, 4, 4, 4]",20,"[4, 4, 4]",9.384,16
565,8,"[1, 1, 1, 4, 4, 4]",20,"[4, 4, 4]",11.584000000000003,16
564,8,"[1, 1, 1, 4, 4, 4]",20,"[4, 4, 4]",7.1682,14
563,8,"[1, 1, 1, 4, 4, 4]",20,"[4, 4, 4]",7.385999999999999,14
562,8,"[1, 1, 1, 4, 4, 4]",20,"[4, 4, 4]",7.20798,16
561,8,"[1, 1, 1, 4, 4, 4]",20,"[4, 4, 4]",9.408000000000001,15
560,8,"[1, 1, 1, 4, 4, 4]",20,"[4, 4, 4]",0.7840000000000004,15
559,8,"[1, 1, 1, 4, 4, 4]",20,"[4, 4, 4]",7.144,14
558,8,"[1, 1, 1, 4, 4, 4]",20,"[4, 4, 4]",9.37396,12
557,8,"[1, 1, 1, 4, 4, 4]",20,"[4, 4, 4]",7.172200000000001,12
556,8,"[1, 1, 1, 4, 4, 4]",20,"[4, 4, 4]",11.546200000000002,14
555,8,"[1, 1, 1, 4, 4, 4]",20,"[4, 4, 4]",9.36998,13
554,8,"[1, 1, 1, 4, 4, 4]",20,"[4, 4, 4]",9.566,13
553,8,"[1, 1, 1, 4, 4, 4]",20,"[4, 4, 4]",9.546000000000001,12
552,8,"[1, 1, 1, 4, 4, 4]",20,"[4, 4, 4]",7.366000000000002,13
567,8,"[1, 1, 1, 4, 4, 4]",20,"[4, 4, 4]",7.169979999999999,13
569,8,"[1, 1, 1, 4, 4, 4]",20,"[4, 4, 4]",6.863999999999999,15
586,8,"[1, 1, 1, 4, 4, 4]",20,"[4, 4, 4]",7.406,15
570,8,"[1, 1, 1, 4, 4, 4]",20,"[4, 4, 4]",11.566,14
585,8,"[1, 1, 1, 4, 4, 4]",20,"[4, 4, 4]",6.766,13
584,8,"[1, 1, 1, 4, 4, 4]",20,"[4, 4, 4]",4.991999999999999,12
583,8,"[1, 1, 1, 4, 4, 4]",20,"[4, 4, 4]",7.39198,12
582,8,"[1, 1, 1, 4, 4, 4]",20,"[4, 4, 4]",11.54998,12
581,8,"[1, 1, 1, 4, 4, 4]",20,"[4, 4, 4]",4.969999999999999,12
580,8,"[1, 1, 1, 4, 4, 4]",20,"[4, 4, 4]",9.3262,13
579,8,"[1, 1, 1, 4, 4, 4]",20,"[4, 4, 4]",4.981999999999998,17
578,8,"[1, 1, 1, 4, 4, 4]",20,"[4, 4, 4]",9.344000000000001,14
577,8,"[1, 1, 1, 4, 4, 4]",20,"[4, 4, 4]",9.330200000000001,11
576,8,"[1, 1, 1, 4, 4, 4]",20,"[4, 4, 4]",9.348,12
575,8,"[1, 1, 1, 4, 4, 4]",20,"[4, 4, 4]",7.37218,12
574,8,"[1, 1, 1, 4, 4, 4]",20,"[4, 4, 4]",9.369979999999998,13
573,8,"[1, 1, 1, 4, 4, 4]",20,"[4, 4, 4]",11.602,18
572,8,"[1, 1, 1, 4, 4, 4]",20,"[4, 4, 4]",11.59196,14
571,8,"[1, 1, 1, 4, 4, 4]",20,"[4, 4, 4]",7.132200000000001,10
624,8,"[1, 1, 1, 4, 4, 4]",20,"[4, 4, 4]",7.1880000000000015,14
550,8,"[1, 1, 1, 4, 4, 4]",20,"[4, 4, 4]",7.171980000000001,12
626,8,"[1, 1, 1, 4, 4, 4]",20,"[4, 4, 4]",4.713979999999999,13
639,8,"[1, 1, 1, 4, 4, 4]",20,"[4, 4, 4]",7.1959599999999995,12
627,8,"[1, 1, 1, 4, 4, 4]",20,"[4, 4, 4]",9.386,15
647,8,"[1, 1, 1, 4, 4, 4]",20,"[4, 4, 4]",11.544,14
648,8,"[1, 1, 1, 4, 4, 4]",20,"[4, 4, 4]",5.408,13
649,8,"[1, 1, 1, 4, 4, 4]",20,"[4, 4, 4]",7.168000000000001,13
645,8,"[1, 1, 1, 4, 4, 4]",20,"[4, 4, 4]",9.368,13
644,8,"[1, 1, 1, 4, 4, 4]",20,"[4, 4, 4]",7.3499799999999995,11
643,8,"[1, 1, 1, 4, 4, 4]",20,"[4, 4, 4]",7.366,13
642,8,"[1, 1, 1, 4, 4, 4]",20,"[4, 4, 4]",11.564000000000002,15
641,8,"[1, 1, 1, 4, 4, 4]",20,"[4, 4, 4]",7.213979999999999,13
640,8,"[1, 1, 1, 4, 4, 4]",20,"[4, 4, 4]",9.386000000000001,15
646,8,"[1, 1, 1, 4, 4, 4]",20,"[4, 4, 4]",9.406000000000002,16
638,8,"[1, 1, 1, 4, 4, 4]",20,"[4, 4, 4]",12.345979999999999,10
636,8,"[1, 1, 1, 4, 4, 4]",20,"[4, 4, 4]",9.506400000000001,12
635,8,"[1, 1, 1, 4, 4, 4]",20,"[4, 4, 4]",11.764000000000001,14
634,8,"[1, 1, 1, 4, 4, 4]",20,"[4, 4, 4]",5.3899799999999995,12
633,8,"[1, 1, 1, 4, 4, 4]",20,"[4, 4, 4]",9.550180000000001,12
632,8,"[1, 1, 1, 4, 4, 4]",20,"[4, 4, 4]",7.395959999999999,11
631,8,"[1, 1, 1, 4, 4, 4]",20,"[4, 4, 4]",7.3899799999999995,13
630,8,"[1, 1, 1, 4, 4, 4]",20,"[4, 4, 4]",9.366000000000003,14
629,8,"[1, 1, 1, 4, 4, 4]",20,"[4, 4, 4]",5.1899999999999995,12
628,8,"[1, 1, 1, 4, 4, 4]",20,"[4, 4, 4]",9.366000000000003,14
637,8,"[1, 1, 1, 4, 4, 4]",20,"[4, 4, 4]",9.068000000000001,13
269,8,"[1, 1, 1, 1, 1, 1]",20,"[4, 4, 4]",3.4819999999999993,17
267,8,"[1, 1, 1, 1, 1, 1]",20,"[4, 4, 4]",9.602000000000002,17
268,8,"[1, 1, 1, 1, 1, 1]",20,"[4, 4, 4]",7.187999999999999,14
274,8,"[1, 1, 1, 1, 1, 1]",20,"[4, 4, 4]",11.586000000000002,15
270,8,"[1, 1, 1, 1, 1, 1]",20,"[4, 4, 4]",11.768,12
271,8,"[1, 1, 1, 1, 1, 1]",20,"[4, 4, 4]",9.388000000000002,14
272,8,"[1, 1, 1, 1, 1, 1]",20,"[4, 4, 4]",7.1302,11
273,8,"[1, 1, 1, 1, 1, 1]",20,"[4, 4, 4]",9.408000000000001,15
265,8,"[1, 1, 1, 1, 1, 1]",20,"[4, 4, 4]",7.34798,12
266,8,"[1, 1, 1, 1, 1, 1]",20,"[4, 4, 4]",11.806000000000001,15
260,8,"[1, 1, 1, 1, 1, 1]",20,"[4, 4, 4]",9.568000000000001,12
264,8,"[1, 1, 1, 1, 1, 1]",20,"[4, 4, 4]",7.208,15
263,8,"[1, 1, 1, 1, 1, 1]",20,"[4, 4, 4]",9.544,13
262,8,"[1, 1, 1, 1, 1, 1]",20,"[4, 4, 4]",9.608,14
261,8,"[1, 1, 1, 1, 1, 1]",20,"[4, 4, 4]",9.374179999999999,12
900,8,"[1, 1, 1, 1, 1, 1]",20,"[4, 4, 4, 4]",11.96598,13
901,8,"[1, 1, 1, 1, 1, 1]",20,"[4, 4, 4, 4]",7.3899799999999995,13
902,8,"[1, 1, 1, 1, 1, 1]",20,"[4, 4, 4, 4]",9.346,13
903,8,"[1, 1, 1, 1, 1, 1]",20,"[4, 4, 4, 4]",9.069980000000001,13
259,8,"[1, 1, 1, 1, 1, 1]",20,"[4, 4, 4]",9.607980000000001,15
276,8,"[1, 1, 1, 1, 1, 1]",20,"[4, 4, 4]",7.15596,10
275,8,"[1, 1, 1, 1, 1, 1]",20,"[4, 4, 4]",9.3262,13
288,8,"[1, 1, 1, 1, 1, 1]",20,"[4, 4, 4]",5.1899999999999995,12
277,8,"[1, 1, 1, 1, 1, 1]",20,"[4, 4, 4]",9.39,13
278,8,"[1, 1, 1, 1, 1, 1]",20,"[4, 4, 4]",11.746200000000002,13
299,8,"[1, 1, 1, 1, 1, 1]",20,"[4, 4, 4]",7.19,13
298,8,"[1, 1, 1, 1, 1, 1]",20,"[4, 4, 4]",9.3482,13
297,8,"[1, 1, 1, 1, 1, 1]",20,"[4, 4, 4]",9.7062,10
296,8,"[1, 1, 1, 1, 1, 1]",20,"[4, 4, 4]",7.3242,13
295,8,"[1, 1, 1, 1, 1, 1]",20,"[4, 4, 4]",-1.6180000000000005,16
294,8,"[1, 1, 1, 1, 1, 1]",20,"[4, 4, 4]",9.408000000000001,15
293,8,"[1, 1, 1, 1, 1, 1]",20,"[4, 4, 4]",9.39,13
292,8,"[1, 1, 1, 1, 1, 1]",20,"[4, 4, 4]",9.584000000000003,15
291,8,"[1, 1, 1, 1, 1, 1]",20,"[4, 4, 4]",9.326200000000002,13
290,8,"[1, 1, 1, 1, 1, 1]",20,"[4, 4, 4]",9.53018,11
289,8,"[1, 1, 1, 1, 1, 1]",20,"[4, 4, 4]",9.368000000000002,13
906,8,"[1, 1, 1, 1, 1, 1]",20,"[4, 4, 4, 4]",0.8859999999999998,14
287,8,"[1, 1, 1, 1, 1, 1]",20,"[4, 4, 4]",7.388,13
286,8,"[1, 1, 1, 1, 1, 1]",20,"[4, 4, 4]",9.588000000000001,13
285,8,"[1, 1, 1, 1, 1, 1]",20,"[4, 4, 4]",7.1899799999999985,14
284,8,"[1, 1, 1, 1, 1, 1]",20,"[4, 4, 4]",11.588000000000001,14
283,8,"[1, 1, 1, 1, 1, 1]",20,"[4, 4, 4]",7.39198,12
282,8,"[1, 1, 1, 1, 1, 1]",20,"[4, 4, 4]",7.17198,12
281,8,"[1, 1, 1, 1, 1, 1]",20,"[4, 4, 4]",5.390000000000001,11
280,8,"[1, 1, 1, 1, 1, 1]",20,"[4, 4, 4]",11.564000000000004,15
279,8,"[1, 1, 1, 1, 1, 1]",20,"[4, 4, 4]",9.388,14
905,8,"[1, 1, 1, 1, 1, 1]",20,"[4, 4, 4, 4]",9.368,13
916,8,"[1, 1, 1, 1, 1, 1]",20,"[4, 4, 4, 4]",-2.2979999999999996,17
907,8,"[1, 1, 1, 1, 1, 1]",20,"[4, 4, 4, 4]",9.58998,13
908,8,"[1, 1, 1, 1, 1, 1]",20,"[4, 4, 4, 4]",11.544000000000004,14
936,8,"[1, 1, 1, 1, 1, 1]",20,"[4, 4, 4, 4]",7.207999999999999,15
937,8,"[1, 1, 1, 1, 1, 1]",20,"[4, 4, 4, 4]",7.588,12
938,8,"[1, 1, 1, 1, 1, 1]",20,"[4, 4, 4, 4]",5.209999999999999,13
939,8,"[1, 1, 1, 1, 1, 1]",20,"[4, 4, 4, 4]",0.6939202,14
940,8,"[1, 1, 1, 1, 1, 1]",20,"[4, 4, 4, 4]",-0.49800000000000005,18
941,8,"[1, 1, 1, 1, 1, 1]",20,"[4, 4, 4, 4]",9.283999999999999,15
942,8,"[1, 1, 1, 1, 1, 1]",20,"[4, 4, 4, 4]",9.32798,12
943,8,"[1, 1, 1, 1, 1, 1]",20,"[4, 4, 4, 4]",4.971979999999999,12
944,8,"[1, 1, 1, 1, 1, 1]",20,"[4, 4, 4, 4]",11.608000000000002,15
945,8,"[1, 1, 1, 1, 1, 1]",20,"[4, 4, 4, 4]",-5.498,18
946,8,"[1, 1, 1, 1, 1, 1]",20,"[4, 4, 4, 4]",-0.9199999999999997,17
947,8,"[1, 1, 1, 1, 1, 1]",20,"[4, 4, 4, 4]",9.106000000000002,16
948,8,"[1, 1, 1, 1, 1, 1]",20,"[4, 4, 4, 4]",1.588,14
949,8,"[1, 1, 1, 1, 1, 1]",20,"[4, 4, 4, 4]",11.59198,13
258,8,"[1, 1, 1, 1, 1, 1]",20,"[4, 4, 4]",11.54798,13
257,8,"[1, 1, 1, 1, 1, 1]",20,"[4, 4, 4]",4.99,13
256,8,"[1, 1, 1, 1, 1, 1]",20,"[4, 4, 4]",7.145999999999999,13
255,8,"[1, 1, 1, 1, 1, 1]",20,"[4, 4, 4]",9.386000000000001,15
254,8,"[1, 1, 1, 1, 1, 1]",20,"[4, 4, 4]",8.661999999999999,15
253,8,"[1, 1, 1, 1, 1, 1]",20,"[4, 4, 4]",1.8079999999999994,14
252,8,"[1, 1, 1, 1, 1, 1]",20,"[4, 4, 4]",7.168000000000001,13
251,8,"[1, 1, 1, 1, 1, 1]",20,"[4, 4, 4]",9.36998,13
250,8,"[1, 1, 1, 1, 1, 1]",20,"[4, 4, 4]",9.591980000000001,12
935,8,"[1, 1, 1, 1, 1, 1]",20,"[4, 4, 4, 4]",4.93418,10
934,8,"[1, 1, 1, 1, 1, 1]",20,"[4, 4, 4, 4]",7.406,15
933,8,"[1, 1, 1, 1, 1, 1]",20,"[4, 4, 4, 4]",-7.998,18
920,8,"[1, 1, 1, 1, 1, 1]",20,"[4, 4, 4, 4]",4.0179002,13
909,8,"[1, 1, 1, 1, 1, 1]",20,"[4, 4, 4, 4]",3.4459999999999997,13
910,8,"[1, 1, 1, 1, 1, 1]",20,"[4, 4, 4, 4]",11.588000000000001,14
911,8,"[1, 1, 1, 1, 1, 1]",20,"[4, 4, 4, 4]",7.391979999999999,12
912,8,"[1, 1, 1, 1, 1, 1]",20,"[4, 4, 4, 4]",2.501999999999999,17
913,8,"[1, 1, 1, 1, 1, 1]",20,"[4, 4, 4, 4]",6.269979999999999,13
914,8,"[1, 1, 1, 1, 1, 1]",20,"[4, 4, 4, 4]",9.368200000000002,14
915,8,"[1, 1, 1, 1, 1, 1]",20,"[4, 4, 4, 4]",-2.498,17
917,8,"[1, 1, 1, 1, 1, 1]",20,"[4, 4, 4, 4]",7.366000000000001,13
918,8,"[1, 1, 1, 1, 1, 1]",20,"[4, 4, 4, 4]",7.54798,11
919,8,"[1, 1, 1, 1, 1, 1]",20,"[4, 4, 4, 4]",9.328199999999999,12
921,8,"[1, 1, 1, 1, 1, 1]",20,"[4, 4, 4, 4]",-0.21599999999999986,16
932,8,"[1, 1, 1, 1, 1, 1]",20,"[4, 4, 4, 4]",-3.9920000000000004,15
922,8,"[1, 1, 1, 1, 1, 1]",20,"[4, 4, 4, 4]",1.28798,15
923,8,"[1, 1, 1, 1, 1, 1]",20,"[4, 4, 4, 4]",5.011999999999999,13
924,8,"[1, 1, 1, 1, 1, 1]",20,"[4, 4, 4, 4]",5.002,17
925,8,"[1, 1, 1, 1, 1, 1]",20,"[4, 4, 4, 4]",9.3262,13
926,8,"[1, 1, 1, 1, 1, 1]",20,"[4, 4, 4, 4]",0.8461999999999997,13
927,8,"[1, 1, 1, 1, 1, 1]",20,"[4, 4, 4, 4]",9.586000000000002,14
928,8,"[1, 1, 1, 1, 1, 1]",20,"[4, 4, 4, 4]",9.366,14
929,8,"[1, 1, 1, 1, 1, 1]",20,"[4, 4, 4, 4]",-3.133800000000001,15
930,8,"[1, 1, 1, 1, 1, 1]",20,"[4, 4, 4, 4]",7.146,13
931,8,"[1, 1, 1, 1, 1, 1]",20,"[4, 4, 4, 4]",2.984,15
904,8,"[1, 1, 1, 1, 1, 1]",20,"[4, 4, 4, 4]",7.15418,11
305,8,"[1, 1, 1, 1, 1, 1, 1, 1, 1]",20,"[4, 4, 4]",9.389980000000001,14
349,8,"[1, 1, 1, 1, 1, 1, 1, 1, 1]",20,"[4, 4, 4]",9.606000000000002,15
980,8,"[1, 1, 1, 1, 1, 1, 1, 1, 1]",20,"[4, 4, 4, 4]",7.150000000000002,11
978,8,"[1, 1, 1, 1, 1, 1, 1, 1, 1]",20,"[4, 4, 4, 4]",2.8241999999999994,14
977,8,"[1, 1, 1, 1, 1, 1, 1, 1, 1]",20,"[4, 4, 4, 4]",9.389980000000001,14
975,8,"[1, 1, 1, 1, 1, 1, 1, 1, 1]",20,"[4, 4, 4, 4]",5.9681999999999995,14
974,8,"[1, 1, 1, 1, 1, 1, 1, 1, 1]",20,"[4, 4, 4, 4]",4.802,18
973,8,"[1, 1, 1, 1, 1, 1, 1, 1, 1]",20,"[4, 4, 4, 4]",0.6139999999999991,12
972,8,"[1, 1, 1, 1, 1, 1, 1, 1, 1]",20,"[4, 4, 4, 4]",4.709980000000001,15
971,8,"[1, 1, 1, 1, 1, 1, 1, 1, 1]",20,"[4, 4, 4, 4]",7.1282000000000005,12
970,8,"[1, 1, 1, 1, 1, 1, 1, 1, 1]",20,"[4, 4, 4, 4]",2.903999999999999,17
969,8,"[1, 1, 1, 1, 1, 1, 1, 1, 1]",20,"[4, 4, 4, 4]",11.606000000000002,16
968,8,"[1, 1, 1, 1, 1, 1, 1, 1, 1]",20,"[4, 4, 4, 4]",-3.338,16
967,8,"[1, 1, 1, 1, 1, 1, 1, 1, 1]",20,"[4, 4, 4, 4]",7.17218,13
966,8,"[1, 1, 1, 1, 1, 1, 1, 1, 1]",20,"[4, 4, 4, 4]",5.965999999999999,14
965,8,"[1, 1, 1, 1, 1, 1, 1, 1, 1]",20,"[4, 4, 4, 4]",5.19398,11
964,8,"[1, 1, 1, 1, 1, 1, 1, 1, 1]",20,"[4, 4, 4, 4]",4.462,16
963,8,"[1, 1, 1, 1, 1, 1, 1, 1, 1]",20,"[4, 4, 4, 4]",4.06998,13
962,8,"[1, 1, 1, 1, 1, 1, 1, 1, 1]",20,"[4, 4, 4, 4]",11.588000000000001,14
961,8,"[1, 1, 1, 1, 1, 1, 1, 1, 1]",20,"[4, 4, 4, 4]",-3.31402,16
960,8,"[1, 1, 1, 1, 1, 1, 1, 1, 1]",20,"[4, 4, 4, 4]",7.2059999999999995,16
959,8,"[1, 1, 1, 1, 1, 1, 1, 1, 1]",20,"[4, 4, 4, 4]",1.2479999999999998,12
958,8,"[1, 1, 1, 1, 1, 1, 1, 1, 1]",20,"[4, 4, 4, 4]",7.586000000000001,13
957,8,"[1, 1, 1, 1, 1, 1, 1, 1, 1]",20,"[4, 4, 4, 4]",7.21,14
979,8,"[1, 1, 1, 1, 1, 1, 1, 1, 1]",20,"[4, 4, 4, 4]",-4.898000000000001,18
981,8,"[1, 1, 1, 1, 1, 1, 1, 1, 1]",20,"[4, 4, 4, 4]",-1.6179999999999999,17
955,8,"[1, 1, 1, 1, 1, 1, 1, 1, 1]",20,"[4, 4, 4, 4]",9.610000000000001,13
982,8,"[1, 1, 1, 1, 1, 1, 1, 1, 1]",20,"[4, 4, 4, 4]",-0.32000000000000123,18
303,8,"[1, 1, 1, 1, 1, 1, 1, 1, 1]",20,"[4, 4, 4]",7.1719599999999994,13
302,8,"[1, 1, 1, 1, 1, 1, 1, 1, 1]",20,"[4, 4, 4]",9.366000000000001,14
301,8,"[1, 1, 1, 1, 1, 1, 1, 1, 1]",20,"[4, 4, 4]",7.17218,13
300,8,"[1, 1, 1, 1, 1, 1, 1, 1, 1]",20,"[4, 4, 4]",7.188000000000001,14
999,8,"[1, 1, 1, 1, 1, 1, 1, 1, 1]",20,"[4, 4, 4, 4]",7.192,12
998,8,"[1, 1, 1, 1, 1, 1, 1, 1, 1]",20,"[4, 4, 4, 4]",0.0020000000000001683,17
997,8,"[1, 1, 1, 1, 1, 1, 1, 1, 1]",20,"[4, 4, 4, 4]",-2.0920199999999998,16
996,8,"[1, 1, 1, 1, 1, 1, 1, 1, 1]",20,"[4, 4, 4, 4]",7.168,13
995,8,"[1, 1, 1, 1, 1, 1, 1, 1, 1]",20,"[4, 4, 4, 4]",9.389980000000001,14
994,8,"[1, 1, 1, 1, 1, 1, 1, 1, 1]",20,"[4, 4, 4, 4]",5.6819999999999995,17
993,8,"[1, 1, 1, 1, 1, 1, 1, 1, 1]",20,"[4, 4, 4, 4]",4.967999999999999,13
992,8,"[1, 1, 1, 1, 1, 1, 1, 1, 1]",20,"[4, 4, 4, 4]",6.606,16
991,8,"[1, 1, 1, 1, 1, 1, 1, 1, 1]",20,"[4, 4, 4, 4]",2.7719999999999994,11
990,8,"[1, 1, 1, 1, 1, 1, 1, 1, 1]",20,"[4, 4, 4, 4]",4.99198,13
989,8,"[1, 1, 1, 1, 1, 1, 1, 1, 1]",20,"[4, 4, 4, 4]",9.408000000000003,15
988,8,"[1, 1, 1, 1, 1, 1, 1, 1, 1]",20,"[4, 4, 4, 4]",11.528200000000002,12
987,8,"[1, 1, 1, 1, 1, 1, 1, 1, 1]",20,"[4, 4, 4, 4]",-3.914,13
986,8,"[1, 1, 1, 1, 1, 1, 1, 1, 1]",20,"[4, 4, 4, 4]",-5.298,17
985,8,"[1, 1, 1, 1, 1, 1, 1, 1, 1]",20,"[4, 4, 4, 4]",11.586000000000002,15
984,8,"[1, 1, 1, 1, 1, 1, 1, 1, 1]",20,"[4, 4, 4, 4]",11.552180000000003,12
983,8,"[1, 1, 1, 1, 1, 1, 1, 1, 1]",20,"[4, 4, 4, 4]",7.386000000000003,14
956,8,"[1, 1, 1, 1, 1, 1, 1, 1, 1]",20,"[4, 4, 4, 4]",7.1879800000000005,15
954,8,"[1, 1, 1, 1, 1, 1, 1, 1, 1]",20,"[4, 4, 4, 4]",5.009999999999999,14
348,8,"[1, 1, 1, 1, 1, 1, 1, 1, 1]",20,"[4, 4, 4]",-0.6060399999999999,13
325,8,"[1, 1, 1, 1, 1, 1, 1, 1, 1]",20,"[4, 4, 4]",11.744000000000002,13
327,8,"[1, 1, 1, 1, 1, 1, 1, 1, 1]",20,"[4, 4, 4]",9.364,15
328,8,"[1, 1, 1, 1, 1, 1, 1, 1, 1]",20,"[4, 4, 4]",11.546000000000001,13
329,8,"[1, 1, 1, 1, 1, 1, 1, 1, 1]",20,"[4, 4, 4]",11.526,12
330,8,"[1, 1, 1, 1, 1, 1, 1, 1, 1]",20,"[4, 4, 4]",9.330199999999998,11
331,8,"[1, 1, 1, 1, 1, 1, 1, 1, 1]",20,"[4, 4, 4]",4.96998,13
332,8,"[1, 1, 1, 1, 1, 1, 1, 1, 1]",20,"[4, 4, 4]",9.066,14
333,8,"[1, 1, 1, 1, 1, 1, 1, 1, 1]",20,"[4, 4, 4]",9.366000000000001,14
334,8,"[1, 1, 1, 1, 1, 1, 1, 1, 1]",20,"[4, 4, 4]",7.19198,13
335,8,"[1, 1, 1, 1, 1, 1, 1, 1, 1]",20,"[4, 4, 4]",9.41398,13
336,8,"[1, 1, 1, 1, 1, 1, 1, 1, 1]",20,"[4, 4, 4]",5.212,12
337,8,"[1, 1, 1, 1, 1, 1, 1, 1, 1]",20,"[4, 4, 4]",7.1719800000000005,12
338,8,"[1, 1, 1, 1, 1, 1, 1, 1, 1]",20,"[4, 4, 4]",5.987979999999999,15
339,8,"[1, 1, 1, 1, 1, 1, 1, 1, 1]",20,"[4, 4, 4]",4.9879999999999995,14
340,8,"[1, 1, 1, 1, 1, 1, 1, 1, 1]",20,"[4, 4, 4]",5.17816,10
341,8,"[1, 1, 1, 1, 1, 1, 1, 1, 1]",20,"[4, 4, 4]",9.101999999999999,18
342,8,"[1, 1, 1, 1, 1, 1, 1, 1, 1]",20,"[4, 4, 4]",12.006,14
343,8,"[1, 1, 1, 1, 1, 1, 1, 1, 1]",20,"[4, 4, 4]",9.382000000000005,17
344,8,"[1, 1, 1, 1, 1, 1, 1, 1, 1]",20,"[4, 4, 4]",9.36998,13
345,8,"[1, 1, 1, 1, 1, 1, 1, 1, 1]",20,"[4, 4, 4]",9.350200000000001,12
346,8,"[1, 1, 1, 1, 1, 1, 1, 1, 1]",20,"[4, 4, 4]",9.584000000000001,15
347,8,"[1, 1, 1, 1, 1, 1, 1, 1, 1]",20,"[4, 4, 4]",11.588000000000001,14
326,8,"[1, 1, 1, 1, 1, 1, 1, 1, 1]",20,"[4, 4, 4]",11.786000000000003,14
324,8,"[1, 1, 1, 1, 1, 1, 1, 1, 1]",20,"[4, 4, 4]",9.406,16
953,8,"[1, 1, 1, 1, 1, 1, 1, 1, 1]",20,"[4, 4, 4, 4]",2.8000000000000003,19
323,8,"[1, 1, 1, 1, 1, 1, 1, 1, 1]",20,"[4, 4, 4]",9.588000000000001,13
952,8,"[1, 1, 1, 1, 1, 1, 1, 1, 1]",20,"[4, 4, 4, 4]",9.524,12
951,8,"[1, 1, 1, 1, 1, 1, 1, 1, 1]",20,"[4, 4, 4, 4]",9.366,14
950,8,"[1, 1, 1, 1, 1, 1, 1, 1, 1]",20,"[4, 4, 4, 4]",-6.097999999999999,18
304,8,"[1, 1, 1, 1, 1, 1, 1, 1, 1]",20,"[4, 4, 4]",9.564000000000002,14
306,8,"[1, 1, 1, 1, 1, 1, 1, 1, 1]",20,"[4, 4, 4]",7.146,13
307,8,"[1, 1, 1, 1, 1, 1, 1, 1, 1]",20,"[4, 4, 4]",11.982000000000003,15
308,8,"[1, 1, 1, 1, 1, 1, 1, 1, 1]",20,"[4, 4, 4]",9.3979202,12
309,8,"[1, 1, 1, 1, 1, 1, 1, 1, 1]",20,"[4, 4, 4]",9.562,15
310,8,"[1, 1, 1, 1, 1, 1, 1, 1, 1]",20,"[4, 4, 4]",6.483999999999999,15
311,8,"[1, 1, 1, 1, 1, 1, 1, 1, 1]",20,"[4, 4, 4]",11.566,14
312,8,"[1, 1, 1, 1, 1, 1, 1, 1, 1]",20,"[4, 4, 4]",6.888000000000002,14
313,8,"[1, 1, 1, 1, 1, 1, 1, 1, 1]",20,"[4, 4, 4]",6.822,14
314,8,"[1, 1, 1, 1, 1, 1, 1, 1, 1]",20,"[4, 4, 4]",9.35218,12
315,8,"[1, 1, 1, 1, 1, 1, 1, 1, 1]",20,"[4, 4, 4]",4.986,15
316,8,"[1, 1, 1, 1, 1, 1, 1, 1, 1]",20,"[4, 4, 4]",11.784,15
317,8,"[1, 1, 1, 1, 1, 1, 1, 1, 1]",20,"[4, 4, 4]",9.3502,12
318,8,"[1, 1, 1, 1, 1, 1, 1, 1, 1]",20,"[4, 4, 4]",2.7039999999999997,16
319,8,"[1, 1, 1, 1, 1, 1, 1, 1, 1]",20,"[4, 4, 4]",7.205999999999999,16
320,8,"[1, 1, 1, 1, 1, 1, 1, 1, 1]",20,"[4, 4, 4]",9.57218,12
321,8,"[1, 1, 1, 1, 1, 1, 1, 1, 1]",20,"[4, 4, 4]",9.384,16
322,8,"[1, 1, 1, 1, 1, 1, 1, 1, 1]",20,"[4, 4, 4]",10.6462,14
976,8,"[1, 1, 1, 1, 1, 1, 1, 1, 1]",20,"[4, 4, 4, 4]",4.088,14
